text,label
كيف تتحدث عن الدستور والعدالة الانتقالية والمجازر بينما الناس بالكاد تجد ما تأكله؟ أنت تبرر ولن أجيبك لأنني لست الحكومة يا بخش القلب,0
أنباء عن إصابة شبح المجاعة في غزة بفقر الدم,0
تشكيل تحالف عربي للدعاء على إسرائيل في ليلة القدر,0
ترامب يؤكد أنه أسد وسيحرق البلد,0
دراسات الحدود: معرفة أين كنت حضرتي طوال ١٤ سنة لا يحل المشكلة التي نتحدث عنها الآن,0
الشرع: وساطة دولية أنقذت السويداء من تشكيل لجنة تحقيق يحكي بها العالم أجمع,0
الاحتلال يلوّح بعضوه بعد تعريته للمرة العشرين هذا العام,0
أنصار الشرع يحلقون للدولة وقوانينها,0
الفلسطينيون لم يستلموا المساعدات رغم كسم إسرائيل مليار مرة يومياً,0
هل ستصبح سوريا بعد ١٠ سنوات أي شيء؟ بشكل عام؟,0
مصر تقرر إدخال مساعدات فورية إلى غزة مهما كلف الأمر بمجرد أن يُسمح بذلك,0
إردوغان يمهل إسرائيل عامين إضافيين لإدخال المساعدات إلى غزة أو سيضطر للتفكير بماذا سيفعل حينها,0
مطعم فلافل يرفض إعداد سندويشة لزبون لم يبدأ طلبه بالترحم على شباب الأمن العام وأبناء العشائر وشتم الهجري,0
الشيباني يطالب باشتراك تشات جي بي تي بلس للمساعدة على الترجمة وتفادي العلقة مع إسرائيل مجدداً,0
القيادة السورية تتراجع عن خطة التحول إلى سنغافورة وتكتفي بنموذج سوريا الأسد,0
دراسات الحدود: معرفة أين كنت حضرتي طوال ١٤ سنة لا يحل المشكلة التي نتحدث عنها الآن,0
الاحتلال يلوّح بعضوه بعد تعريته للمرة العشرين هذا العام,0
الشرع: وساطة دولية أنقذت السويداء من تشكيل لجنة تحقيق يحكي بها العالم أجمع,0
إسرائيل تبدي استعدادها لقصف أي طرف منزعج من طرف آخر في المنطقة,0
استطلاع: أنصار الشرع يرفضون تحول سوريا لمملكة ويفضلونها مزرعة,0
مصر: إدارة قرية مراسي تفرض على الزوار ارتداء سوار كاحل مُكَهْرِب,0
وزارة الدفاع السورية تؤكد على ضرورة التخلي عن النزعة الانفصالية وحصر السلاح بيد الفصائل المنفتلة,0
الشرع يؤكد لأهله أنه قابل مسؤولاً إسرائيلياً صدفة عند صديقه لكن لم يحدث بينهما شيء,0
الرئيس الشرع يوصي لجنة تقصي الحقائق بتأجيل نشر تحقيقها حول أحداث الساحل لتضيف إليه ما سيحصل بالسويداء,0
لماذا تخفي السلطات المصرية الناس بالسر رغم قدرتها على إخفائهم بالعلن؟,0
الشرع: استعينوا على قضاء حوائجكم في أبو ظبي بالكتمان,0
لماذا لا تثمر جهود الوساطة لحل صراعات المنطقة؟ أنت تسأل وخبير الحدود للثمار المعدلة جينياً يجيب,0
تحقيق أممي يتوصل إلى وجود حرب في غزة,0
مطالب شعبية في غزة بتخفيف حدة المساعدات,0
وزير الثقافة السوري: العلويّات الشريفات هُنَّ الشغَّالات,0
رئيس سوريا الكويّس يستفرد بكل شيء لحماية البلاد من العرصات المحيطين به,0
ياسر أبو شباب يؤكد أن مجموعته ليست أغلى من فلسطين ومستعد لبيعها إذا كان الثمن سخياً,0
"""الرئاسة السورية تصدر مرسوماً باعتماد أنشودة """"جبهتنا منصورة"""" نشيداً وطنياً للبلاد""",0
نعيم قاسم يؤكد تمسك الحزب بسلاحه مع إمكانية تخبئته بشكل أفضل,0
ارتياح عارم في إسرائيل بعد حريق سنترال رمسيس الذي تسبب بشل حركة الدبابات في سيناء,0
الأوقاف السورية تقيم حفلاً لافتتاح مصلى في نادي الكروان الليلي,0
ترامب يبدأ حملة لتمشيط ساحل نيويورك من فلول نظام بايدن,0
إسرائيل تؤكد رفضها لأي هدنة يوافق عليها الفلسطينيون,0
سوريا: تأجيل الاحتفال بالهوية البصرية في الساحل خوفاً على ريش العُقاب,0
إيران تستبدل البرنامج النووي ببرنامج ما يطلبه الجمهور الأردني,0
هزيمة طهران قد تسمح لإسرائيل بشن غارات على سوريا وقتل مدنيين في غزة لا قدّرَ الله,0
إسرائيل تطلق مجموعة من السكان العرب للتصدي للصواريخ الإيرانية,0
دليل الحدود لتمييز التناقضات الثانوية والرئيسية في الحرب الإيرانية-الإسرائيلية,0
ترامب يدعو سكان طهران لإخلائها فوراً والتوجه إلى طاولة المفاوضات الآمنة,0
ترامب يعرض على لجنة نوبل منحه جائزة السلام مقابل وقف الحرب بين إيران وإسرائيل,0
الخوف من انزلاق الفوضى إلى المنطقة,0
خامنئي: **** دينكم على دين ٧-أكتوبر عرص,0
إسرائيل وإيران تتفقان على القيام بمسرحية نووية بعد فشلهما في خداع أبو طلال بالمسرحية الدائرة,0
إصابة كف العفريت بتلوث إشعاعي,0
إسرائيل تطلق مجموعة من السكان العرب للتصدي للصواريخ الإيرانية,0
دليل الحدود لتمييز التناقضات الثانوية والرئيسية في الحرب الإيرانية-الإسرائيلية,0
ترامب يدعو سكان طهران لإخلائها فوراً والتوجه إلى طاولة المفاوضات الآمنة,0
ترامب يعرض على لجنة نوبل منحه جائزة السلام مقابل وقف الحرب بين إيران وإسرائيل,0
مطالب بعطلة رسمية إلى حين انتهاء الحرب,0
خاص بالحدود: أبو طلال يكشف كواليس المسرحية الإسرائيلية الإيرانية,0
مطالب بعطلة رسمية إلى حين انتهاء الحرب,0
الحدود في مقابلة مع ناشط سيلتحق بقافلة الصمود على هامش رحلته السياحية,0
اغتيال كينيدي وألغاز أخرى يكمن حلّها في صندوق رسائل الصحفي السوري,0
ألا يتعب كف العفريت من حمل المنطقة طوال الوقت؟,0
تأثرا بملحمة ميرا وأحمد: تعرَّف إلى الحب الذي جمع ريم وذو الفقار,0
الشرع يبدي استعداده لتوقيع اتفاقية كف بلاء مع إسرائيل,0
الوجود والعدم في سوريا واحد,0
أسواق الحدود: كيف تؤثر الأحداث الإقليمية على سوق ستيكرات اللابتوب,0
سيوران يكتب: أمل هذه تكون أمك…,0
نوَّاف سلام: نصف لمعة,0
مصر: قرار بحبس الناشطين مع أمهاتهم وأبنائهم وأجدادهم بدءاً من اليوم,0
مواطن غزّي يتبرّع لناشط إنستاغرامي بأخذ مقعده في الجانب الصحيح من التاريخ,0
نتنياهو يقر خطة الهجوم لليوم التالي للحرب,0
لماذا لا يحلل أبو تريكة مباريات الدوري القطري ويريّح رأسه من الغرب الخرا؟,0
الحدود في مقابلة مع كارلو أنشيلوتي: روماريو هو من رفض العودة للمنتخب، وهذه أسباب غياب أدريانو,0
حماس تُدخل تغييرات جذرية على خطابها الإعلامي,0
قطر تبدي مخاوفها من انتهاء الحرب في غزة قبل انتهاء المفاوضات,0
نتنياهو يقر خطة الهجوم لليوم التالي للحرب,0
لماذا لا يحلل أبو تريكة مباريات الدوري القطري ويريّح رأسه من الغرب الخرا؟,0
الحدود في مقابلة مع كارلو أنشيلوتي: روماريو هو من رفض العودة للمنتخب، وهذه أسباب غياب أدريانو,0
حماس تُدخل تغييرات جذرية على خطابها الإعلامي,0
قطر تبدي مخاوفها من انتهاء الحرب في غزة قبل انتهاء المفاوضات,0
محاولة لتتبع أصل الفتوش تنتهي باستعراض دموي لتاريخ ومستقبل العلاقات السورية اللبنانية,0
استنفار أمني واسع في دمشق ومناطق أخرى خشية هجمات لمازن الناطور,0
الإمارات تتبرع بعشرين ألف سي دي لأطفال غزة,0
نتنياهو يطلب من الشرع التوسّط للقاء ترامب,0
"""الحكومة السورية تطلق تطبيق """"عوّي ولاك"""" للتسهيل على الأقليات""",0
شكاوى وإيذاء للبيئة وأبحاث مهدورة: القصة الحقيقية لمداهمة الملهى في العاصمة السورية,0
تقارير الحدود: السوريون عاشوا أحلى ١٤ سنة قبل سقوط النظام,0
شكاوى وإيذاء للبيئة وأبحاث مهدورة: القصة الحقيقية لمداهمة الملهى في العاصمة السورية,0
ماذا تفعل العناصر المنضبطة في اليوم العادي الذي تحدث فيه المجازر؟,0
الحوثيون ينتصرون وينسحبون ويقصفون ويستسلمون في يوم واحد,0
تركيا تدعو الشرع لسب شعيب وحل الخلاف مع الدروز سلمياً,0
تحقيقات الحدود: مئات آلاف السوريين السُنَّة يسبُّون يومياً الدين,0
ماذا حل بالكيا ريو البيضاء؟ الحدود تسأل وقائد فوج السنتافيه 2003 يجيب,0
تأجيل جلسات المركزي الفلسطيني إلى أن يتوقف الحضور عن الضحك,0
بعد قرار منع تداول أفكار جماعة الإخوان: الحدود ترصد عودة هُبَل واللات والعزّى إلى شوارع الأردن,0
استمرار العنف طبيعي...فلماذا التطرف في رفضه؟,0
الشرع يبدي استعداده لتوقيع اتفاقية كف بلاء مع إسرائيل,0
الوجود والعدم في سوريا واحد,0
شكاوى وإيذاء للبيئة وأبحاث مهدورة: القصة الحقيقية لمداهمة الملهى في العاصمة السورية,0
شكاوى وإيذاء للبيئة وأبحاث مهدورة: القصة الحقيقية لمداهمة الملهى في العاصمة السورية,0
تقارير الحدود: السوريون عاشوا أحلى ١٤ سنة قبل سقوط النظام,0
ماذا تفعل العناصر المنضبطة في اليوم العادي الذي تحدث فيه المجازر؟,0
الحوثيون ينتصرون وينسحبون ويقصفون ويستسلمون في يوم واحد,0
دخول أربع راقصات في دين الله أفواجاً بعد نجاح غزوة الكباريه,0
أنت عربي؟ إذن أنت صنيعة الاستعمار,0
ناشطة برلينية تنتزع حقها في الريتريت بعد تعرضها لموجة قاسية من أخبار الإبادات في المنطقة,0
عاجل: ريال مدريد يطالب بإعادة المباراة مع طاقم التحكيم الأصلي,0
تحقيق لقناة إم تي ڤي يثبت أن السوري الآخر هو الجحيم,0
الحكومة تشكل لجنة لدراسة ماهيّة الطحين وكيف يُزرع محلياً,0
لماذا لم تتوقف الحرب على غزة رغم أنني لم آكل ماكدونالدز منذ سنة ونصف؟,0
الشرع: إسرائيل دمّرت جميع مخازن الاحتفاظ بحق الرد,0
سوريا: اعتماد أي ماهر بمنصب الرجل الثاني في أي موقع سلطة,0
خطة عربية-عربية لتقريب الفرات والنيل من حدود فلسطين,0
لماذا يعتقد الغزيّون أن الشيعي الذي لا يطيق السني الذي لا يطيق العلوي الذي لا يطيق الدرزي الذي لا يطيق المسيحي الذي لا يطيق الكردي الذي لا يطيق العربي المشرقي الذي لا يطيق العربي المصري الذي لا يطيق العربي المغربي الذي لا يطيق الأمازيغ الذين لا يطيقونهم، أنّ عليهم أن ينصروا إخوتهم في غزة؟,0
ظهور إمارات ابن زايد على الس,0
حماس تطالب بهدنة سريعة ليتسنى لها محاكمة المتظاهرين,0
إردوغان ينافس السيسي على لقب ديكتاتور ترامب المفضل,0
وفقا للتقرير فإن هذا يأتي في إطار اتفاق أوسع تم التوصل اليه مع الولايات المتحدة للاعتراف بالإدارة السورية الجديدة,0
"""ووفقا لضابط الاستخبارات الإسرائيلي فإن حزب الله يسعى لمواجهة """"حرب عصابات كالتي كانت قبل انسحاب إسرائيل من جنوب لبنان""""""",0
"""وقال نتنياهو إن ترامب حدد لإيران """"موعدا نهائيا واضحا للتوصل لاتفاق"""". •كما، أصدر الأميركيون تعليمات لدول الخليج بالامتناع عن تقديم المساعدات المالية للبنان وسوريا حتى تفهم التطورات مع الإيرانيين.""",0
رغم التحذيرات الأممية والدولية، تواصلت الانتهاكات والقتل في الساحل السوري، ووثق المرصد السوري مقتل ألفٍ وتسعمائةِ شخصٍ خلالَ الشهرِ المنصرمِ,0
دلالات عدّة يراها محللون حول توسيع المنطقة العازلة، فهي ليست مجرد خُمس مساحة القطاع بأكمله،,0
"""في اجتماع عقد بين ممثلين إسرائيليين وأتراك، اوضح أن أي تغيير في انتشار القوات الأجنبية في تدمر سيعتبر """"كسر أدوات"""" وسيتم الرد عليه وفقا لذلك""",0
"""نشر أول: خلال الأيام الأخيرة توجهت إسرائيل الى قطر عبر القنوات الديبلوماسية، تطالبها بإدانة الفتوى الدينية، وقوبلت بتجاهل تام، بحسب مصادر سياسية• قال أحدهم لـ i24NEWS: """"هذه دعوة للقتل""""""",0
"""وقع على رسالة الاحتجاج ألف عنصر من  طاقم الطيران من الاحتياط والمتقاعدين • قائد القوات الجوية: """"عضو الاحتياط النشط الذي يوقع لن يخدم"""" • """,0
زعم وزير الدفاع الأمريكي أن القرار بشأن شن رد عسكري ضد الولايات المتحدة يتعلق بإيران • يأتي هذا بعد تقرير عن نقل ست قاذفات من طراز B-2 إلى قاعدة عسكرية أمريكية بريطانية,0
تقرير: الرئيس اللبناني يقول إن حزب الله أظهر مرونة في قضية السلاح .,0
مصادر فلسطينية: خمسة قتلى وعدد من الجرحى في هجومين صاروخيين على مدينة غزة,0
سوريا تعيد استخدام مخيمات النازحين لاستيعاب مئات الآلاف من سكان غزة,0
‌‏الرئيس اللبناني: حزب الله أبدى مرونة وتعاونا بمسألة السلاح وفق خطة زمنية معينة,0
الجيش الإسرائيلي يعمل على ضم منطقة رفح وتحويل قطاع غزة لجيب إسرائيلي,0
‌‏الدفاع التركية: لا تزال التقييمات بشأن إنشاء قواعد تدريبية في سوريا مستمرة,0
‌‏السفارة الأميركية في اليمن: ناقشنا مع مجلس الرئاسة جهود إنهاء تهديد الحوثيين للملاحة,0
‌‏الدعم السريع تقول إنها سيطرت على مدينة أم كدادة شرقي الفاشر,0
إعلام روسي: حريق بمصفاة نفط لشركة روسنفت بمقاطعة أمور بعد هجوم أوكراني,0
المستشار الاقتصادي للبيت الأبيض: لا محادثات مع الصين حتى الآن,0
الرئيس اللبناني: حزب الله أبدى مرونة بشأن مسألة السلاح,0
"""ترامب: """"إذا تطلب الأمر عملاً عسكرياً في إيران، فإن إسرائيل ستقوده""""""",0
رصدت المؤسسة الأمنية الإسرائيلية إطلاق صاروخ من اليمن - والذي سقط بعد وقت قصير من إطلاقه,0
الجيش الإسرائيلي: طائرة مسيرة سقطت في الأراضي اللبنانية اليوم بسبب عطل فني,0
ماركو روبيو يلتقي وزير الخارجية المغربي لتعزيز السلام والأمن,0
"""""""اعتقال خلية تابعة لحماس خططت لهجمات ضد إسرائيليين والجيش الإسرائيلي""""""",0
مسؤول بالبنتاغون: ندرس مقترحا لسحب 10 آلاف جندي من أوروبا الشرقية,0
لماذا يعتقد الغزيّون أن الشيعي الذي لا يطيق السني الذي لا يطيق العلوي الذي لا يطيق الدرزي الذي لا يطيق المسيحي الذي لا يطيق الكردي الذي لا يطيق العربي المشرقي الذي لا يطيق العربي المصري الذي لا يطيق العربي المغربي الذي لا يطيق الأمازيغ الذين لا يطيقونهم، أنّ عليهم أن ينصروا إخوتهم في غزة؟,0
سوريا: اعتماد أي ماهر بمنصب الرجل الثاني في أي موقع سلطة,0
"أفادت مصادر مطّلعة لشبكة الحدود بأنَّ خليل الحية بعثَ بثلاث برقيات متطابقة لمكتب الكابينيت الإسرائيلي والوسيطين القطري والمصري، أعربَ فيها عن حاجة حركة حماس لهدنة ""بضعة أيام فقط يستر عرضكم"" حسبما ورد في الرسالة التي اطلعت عليها الحدود، بما يسمح للحركة بالتفرغ لمحاكمة المتظاهرين في شوارع غزة ممّن يضعون العصي واللافتات في عجلات قطار التحرير.",0
ولم تحدد الحركة شروطاً لقبول هذه الهدنة، إذ اعتبرت أنَّ الحديث عن نتساريم والمنطقة العازلة ونقاط التفتيش قابلٌ للتأجيل أمام أولويات اليوم، مكتفيةً بشرطٍ واحدٍ لضمان الهدنة من جانبها، وهو ضمان الاحتلال عدم الاعتداء على ساحات شارع صلاح الدين التي ستتم فيها المحاكمات على منصات تسليم الأسرى ذاتها، لكن من دون أهازيج تستفز العدو وتُشعره بالهزيمة.,0
من جهتها، نقلت قناة الجزيرة عن مصادر سيطرة الجيش السوداني على القصر الرئاسي في مدينة الخرطوم، واستعداد سوريا للإعلان عن الحكومة الجديدة خلال يومين ومشاريع جديدة لحرق النفايات في العراق، فيما أفادَت تقارير بخروج بضعة متظاهرين في بيت لاهيا شكراً لله على نعمة المطر، لكنها لم تتثبَّت من صحة ذلك بشكلٍ مستقل.,0
ودان,0
ترامب يؤكد أنه أسد وسيحرق البلد,0
لماذا لا تثمر جهود الوساطة لحل صراعات المنطقة؟ أنت تسأل وخبير الحدود للثمار المعدلة جينياً يجيب,0
مطالب شعبية في غزة بتخفيف حدة المساعدات,0
تحقيق أممي يتوصل إلى وجود حرب في غزة,0
تحقيق لقناة إم تي ڤي يثبت أن السوري الآخر هو الجحيم,0
بعد خروجه من المولد ببعض الحمص الذي قايضه برفح المصرية٬ أكد سيادة الرئيس الدكر عبد الفتاح نور عينينا السيسي أنه رأى النبي موسى في منامه يحمل الوصايا العشر متجولاً في جبال سيناء وقد اكتسى وجهه بالحزن، بسبب نسيان الإسرائيليين أرض نبيهم وتقاعسهم عن شرائها والعودة إليها حتى الآن.,0
وأوضح عبد الفتّاح أن ضميره يرفض أن يأكل أرضاً حراماً، وهو على أتم الاستعداد أن يتنازل لإسرائيل عن سيناء في الشهر العقاري لقاء سعر مميز لن يجدوه في صحراء أخرى، وذلك كرمى للخبز والملح وكامب ديفيد، وبإمكانهم الحصول على أراض أخرى ضمن الطريق البحري الذي شقه موسى بعصاه مقابل سعر لقطة وخصم ١٠٪ لم يصح لأي شعب مختار من قبل.,0
وحث عبد الفتّاح نتنياهو على المسارعة لاغتنام عرضه الخاص، لأن مصر أم الدنيا، كل الدنيا، ولا يمكنها التفريق بين أبنائها في شتى أنحاء العالم، سواء كانوا أفراداً مثل السياسيين ورجال الأعمال والرسل والأنبياء وآلهة الإغريق والمسيح الدجال، أو حكومات دول عادية أو سعودية أو إماراتية أو دول احتلال واستعمار، ويمكن لأي جهة شراء قطعة الأرض التي تناسب نبيها وربها والعودة إليها، ولن يسمح للتاريخ والجغرافيا أن يقفا عائقاً أمام إعادة الحق لأصحابه وإعلاء رصيده البنكي.,0
إسرائيل تهدد بإعادة لبنان إلى العصر الغزّي,0
نتنياهو يؤكد أنه لن يسمح بوجود حكومة متطرفة في غزة كونه توجد واحدة في إسرائيل,0
الاتحاد الأوروبي يندد بتجويع غزة رغم توفّر كميات كبيرة من الأسلحة لدى إسرائيل,0
ما هو الطريق ٧٤٩ الذي تنشئه إسرائيل؟ الحدود ستجيب مع أنك لم تسأل لأن لا أحد يتحدث بالموضوع,0
بعد إتمامه صفقة رفح المصرية: السيسي يؤكد لإسرائيل أن موسى كان في سيناء أيضا 🤑,0
السيسي يفوز بعطاء تحويل أكبر سجن مفتوح في العالم إلى أصغر سجن مغلق,0
نتنياهو يعلق محادثات الهدنة استعداداً لسلخها,0
دليل الحدود لنشر محتوى في الأردن دون التعرض للغرامة والسجن والصلب وقطع الأيدي والأرجل من خلاف ودخول جهنم وبئس المصير,0
نتنياهو يطالب حماس بتقديم تنازلات للتفاوض على طلباته بتقديمها مزيداً من التنازلات,0
إسرائيل تهدد بإعادة لبنان إلى العصر الغزّي,0
كيف تضغط أميركا على إسرائيل؟ أنت تسأل ونتنياهو يطالب بايدن بالنهوض من حضنه ليجيب,0
جمعية المزاودون العرب تحدد الموعد المناسب للحديث عما ليس وقته الآن,0
الحكومة الأردنية تدعو المواطنين إلى إضراب عن العمل تضامناً مع المنتخب الوطني,0
رداً على جرائم الاحتلال: دول عربية تنسحب من معاهدة منع انتشار أشد عبارات الإدانة,0
بايدن يدعو حاكم تكساس للتعقل وفتح معبر رفح,0
بروفايل حزب الله العراقي,0
بايدن يدعو شروق ودكتور فوود لعدم توسيع رقعة الصراع في المنطقة,0
إسرائيل تؤكد أن قيادات حماس موجودة في مكان ما,0
نتنياهو يشعر بالذنب جراء وقف مساعدات الأونروا ويدعو إلى توطين اللاجئين المتضررين,0
ظهور إمارات ابن زايد على السودان,0
رفعاً للحرج عن أهل غزة: هيئة علماء المسلمين تعفي سكان القطاع من الصيام هذا العام,0
انخفاض نسبة البطالة في لبنان بعد تشغيل آلاف المواطنين في حملات عنصرية,0
لاجئ سوري يتمكن من شراء ربطة خبز بسلام بعد اعتماده لغة الإشارة,0
دليل الحدود للتمييز بين سوبرمان ومواطن من غزَّة قد تجعلك تستحي على دمك وتشعر بأنهم بشر,0
انخفاض نسبة البطالة في لبنان بعد تشغيل آلاف المواطنين في حملات عنصرية,0
رفعاً للحرج عن أهل غزة: هيئة علماء المسلمين تعفي سكان القطاع من الصيام هذا العام,0
الإمارات والمغرب يوقفان صفقات أسلحة إسرائيلية لفشلها في اختبارات القضاء على الفلسطينيين,0
بايدن: لا أدلة على استهداف إسرائيل للمدنيين بصواريخنا الأميركية الرائعة  التي ظهرت في الفيديو,0
أميركا تعرض مقترحاً لتجديد السلطة الفلسطينية,0
المعارضة الإسرائيلية ترفض إبادة الفلسطينيين أو تهجيرهم حفاظاً على حقول تجارب الأسلحة,0
إشادة أميركية بذكاء الذكاء الاصطناعي الإسرائيلي في تحقيق إبادة جماعية ذكية,0
ما فائدة الصليب الأحمر في غزة؟ مواطن يسأل والصليب الأحمر يغلق الخط في وجهه,0
قمة المناخ: إشادة عربية بجهود إسرائيل في الحد من انبعاث نفس المقاومة في المنطقة,0
الصليب الأحمر يطالب أهالي غزة بالتواصل مع أوبر لنقل المصابين,0
شروط منح التأشيرة للمواطنين الراغبين بدخول العاصمة الجديدة,0
بعد العاصمة الجديدة: السيسي يقدم تصوّره عن الشعب الجديد,0
محافظ البصرة يحمّل أهالي الضحايا مسؤولية حادث الدهس لعدم تدريب أبنائهم على القفز والطيران وتفادي الشاحنات,0
الولايات المتحدة تغلق قضية المطبخ العالمي بدعوتها إلى فتح تحقيق فيها,0
دراسات الحدود: المطرقة وثلاث أدوات أخرى غير كافية لتفكيك الاحتلال الإسرائيلي,0
إسرائيل تقرر إنشاء مشفى ميداني لقتل الناجين من مشفى الشفاء,0
إسرائيل تعثر على رهائن وصواريخ بالستية ومحمد ضيف في مكاتب الجزيرة,0
غارة إسرائيلية تدّمر المكان والزمان المناسبين,0
جحافل الحشود العربية الغاضبة توقف زحفها نحو القدس بعد نفي حماس اغتصاب الجيش الإسرائيلي للنساء,0
الأردن يعلن التعبئة العامة ويطلب من المواطنين الانبطاح تمهيداً للزحف,0
مستثمر لبناني ينجح بتعويض خسائر موسم السياحة مع نمو سوق النزوح,0
دراسات الحدود: انتشار الإنترنت في الخمسينيات كان سيجعل من غيفارا تراڤل يوتيوبر,0
النقل السورية تقر قانون المرور الليلي الإلزامي لضمان استمرار إنارة الطرقات,0
إسرائيل تقرّ بحق العودة للموظفين الأجانب في الأونروا إلى بلادهم,0
الشاباك يداهم أحد مقار الأنروا ويضبط علبة فول مخصّب,0
إردوغان يتعهد لهنية تزويد حماس بمختلف أنواع الدعم العاطفي,0
الاستمطار والتطبيع وأسباب أخرى لفيضانات الإمارات إلا التغير المناخي ليس له علاقة إطلاقاً,0
الحدود تترجم بيان السفارة القطرية في واشنطن الذي أخفته الجزيرة عن القارئ العربي,0
أصوات من الشارع الأردني حول قصف أعداء صدّام حسين لأعداء صدّام حسين,0
الأسد: الرد الإيراني جاء أثناء دوامي في الشفت المسائي مع حركة عدم الانحياز,0
"""السعودية تنهي المرحلة الأولى من مدينة """"ذا داش""""""",0
نتنياهو يلاعب بايدن للاختيار بين الرد الإسرائيلي على إيران أو اجتياحها لرفح,0
إسرائيل تلعن الزمن الذي باتت فيه تحتاج للتفكير مرتين قبل قصف السفارات واغتيال العلماء وضرب المنشآت وجر المنطقة إلى حرب شاملة,0
شروط منح التأشيرة للمواطنين الراغبين بدخول العاصمة الجديدة,0
بعد العاصمة الجديدة: السيسي يقدم تصوّره عن الشعب الجديد,0
بن غفير يأمر بمنع الأسرى من حمل علامات التعذيب,0
هل من الآمن لطفلي إهداءه دفاعات جوية إيرانية,0
ما هي العقبات التي أزاحها مقتل السنوار عن طريق السلام إن كان نتنياهو قد نجا من محاولة الاغتيال؟,0
محمود عباس ينظم وقفة احتجاجية أمام مكتب المنسق لعدم منحه تصريحاً لزيارة غزة,0
بايدن يرسل شحنة أسلحة طارئة لإسرائيل بعد ربع ساعة من متابعة الجزيرة,0
الحدود تلقي القبض على العميل الذي نشر المقال السابق,0
قصة كفاح: هكذا حضرنا اجتماع العقبة وأكلنا الضيافة والتقطنا صوراً رغماً عن أنف إسرائيل,0
تعرّف على أهم نتائج ومخرجات اجتماع العقبة السياحي-الأمني,0
نتنياهو: الإصلاحات القضائية ستتيح للجميع تجاوز القانون قانونياً,0
سري: السيسي خطط لدفع إسرائيل للانسحاب من محور فيلادلفيا بتخجيلها بأدبه وأخلاقه,0
مستثمر لبناني ينجح بتعويض خسائر موسم السياحة مع نمو سوق النزوح,0
النقل السورية تقر قانون المرور الليلي الإلزامي لضمان استمرار إنارة الطرقات,0
دراسات الحدود: انتشار الإنترنت في الخمسينيات كان سيجعل من غيفارا تراڤل يوتيوبر,0
إسرائيل تقرّ بحق العودة للموظفين الأجانب في الأونروا إلى بلادهم,0
بن غفير يأمر بمنع الأسرى من حمل علامات التعذيب,0
الشاباك يداهم أحد مقار الأنروا ويضبط علبة فول مخصّب,0
هل من الآمن لطفلي إهداءه دفاعات جوية إيرانية,0
ما هي العقبات التي أزاحها مقتل السنوار عن طريق السلام إن كان نتنياهو قد نجا من محاولة الاغتيال؟,0
محمود عباس ينظم وقفة احتجاجية أمام مكتب المنسق لعدم منحه تصريحاً لزيارة غزة,0
مخاوف من وقف إطلاق النار في لبنان بعد جولة على التعليقات في السوشال ميديا,0
الردع النووي يتوسل بوتين التوقف عن البعبصة به كلما ارتفع لديه مستوى الأدرينالين,0
العراق يحتل المرتبة الأولى عالميا في التخلص من الغاز,0
ما الذي يفرحك بتحالف روسيا والصين وكوريا الشمالية وإيران؟ أنت تسأل والمحرر يواصل تحصين القبو,0
إسرائيل تعلق مفاوضات وقف إطلاق النار في لبنان بعد إطلاق النار على دورية أمن قرب سفارتها في الأردن,0
نعيم قاسم يعلن دحر الإسرائيلي من لبنان,0
قطر تتعهد بتقديم كل الدعم الذي تحتاجه حماس لشحن حقائب قياداتها إلى تركيا,0
ما الذي كان سيحدث لغزة وجبهة الإسناد لولا دعم جبهة الإسناد؟,0
ما هي الأوراق اللازمة لترخيص بناء دولة داخل الدولة في سوريا؟,0
بعد شعوره بالضيق من حلقة الاتجاه المعاكس: فايز الدويري يطالب بترقية حجزه الفندقي دعماً لصمود غزة,0
الأسد يعيد تموضعه خارج سوريا ويهيب بالمواطنين عدم الانجرار خلف الشائعات,0
"""ما هو العلو المناسب لكلمة """"الله""""؟""",0
نقابة الموسيقيين المصرية تخصص أول يومين بداية كل شهر للتحقيق مع شيرين,0
شاب يوسّع طاقته الاستيعابية ليتمكن من عدم الاعتياد على ثلاثة مشاهد إضافية,0
سوريا تطالب قطر بقبول حضورها الاجتماع الرباعي حول مستقبلها بصفة مراقب,0
هل يمكن إعادة تأهيل الآخر واستصلاحه؟,0
الفيديو غيم تغدر باللاعب وتعيده ثلاث مراحل إلى الخلف,0
مقابلة حصرية مع الخبير الجيوسياسي الذي كان على علم بالمستجدّات في سوريا لكنه فضل الصمت حتى الآن,0
دراسات الحدود: المنطقة ممتازة ولكن إسرائيل وإيران وتركيا وآل ثاني وآل سعود وآل زايد وآل نهيّان وآل الأسد و .....,0
سوريا: تقارير عن استخدام إيران سلاح الصمت العقابي,0
شاب يهدّد الهيئة بإعادة صورة الأسد إلى سيارته إذا لم يسمحوا له بوضع صورة الجولاني,0
شهود عيان: ماهر الأسد هرب مع الكوبرا على دراجة نارية,0
مرسوم صادر عن الجولاني: ماي نيم إز أحمد الشرع أند يو كان كول مي أبو احميد,0
استجابة لمطالب إسقاطها في إدلب: الجولاني يقرر نقل حكومة البشير تأديبيًا إلى دمشق,0
بوتين يستضيف الأسد ليتسنّى له كفكفته على تياسته,0
هل يجوز من بعد إذن شواربك أن يفرح السوري قليلاً؟,0
الأسد يعيد تموضعه خارج سوريا ويهيب بالمواطنين عدم الانجرار خلف الشائعات,0
"""ما هو العلو المناسب لكلمة """"الله""""؟""",0
هل يمكن إعادة تأهيل الآخر واستصلاحه؟,0
نقابة الموسيقيين المصرية تخصص أول يومين بداية كل شهر للتحقيق مع شيرين,0
الجولاني يؤكد عدم رغبته بالترشح للانتخابات السورية,0
احتجاجات في إدلب لعدم تحريرهم حتى الآن,0
"""نادي هواة المزاودة في القطر السوري يعلن انفصاله عن جمعية """"المزاودون العرب"""" لغياب التعددية في المزاودة""",0
شاب يهدّد الهيئة بإعادة صورة الأسد إلى سيارته إذا لم يسمحوا له بوضع صورة الجولاني,0
مرسوم صادر عن الجولاني: ماي نيم إز أحمد الشرع أند يو كان كول مي أبو احميد,0
شهود عيان: ماهر الأسد هرب مع الكوبرا على دراجة نارية,0
استجابة لمطالب إسقاطها في إدلب: الجولاني يقرر نقل حكومة البشير تأديبيًا إلى دمشق,0
هل يجوز من بعد إذن شواربك أن يفرح السوري قليلاً؟,0
بوتين يستضيف الأسد ليتسنّى له كفكفته على تياسته,0
الأسد يعيد تموضعه خارج سوريا ويهيب بالمواطنين عدم الانجرار خلف الشائعات,0
إسرائيل ترسل قافلة مساعدات للزلزال في سوريا,0
فريق الإنقاذ الإسرائيلي الذي جاء إلى تركيا قام بتهريب مخطوطات تاريخية,0
إسرائيل تطرح عطاء بناء قبة حديدية لحماية القبة الحديدية,0
بن غفير يأمر باستخدام الجدار العازل كأساسات لبناء سقف فوق الضفة الغربية,0
"""الاتحاد الأوروبي يدعو إسرائيل إلى عدم اللجوء إلى استخدام القوة المميتة إلّا """"كملاذ أخير""""""",0
الإمارات تدين عملية القدس,0
نتنياهو يحذر من الانجرار وراء فيديوهات مفبركة تهدف لشق وحدة الصف الإسرائيلي,0
إردوغان: أبقيت على بعض علاقاتي مع إسرائيل ليعرف العالم لماذا كنت سأقطعها,0
السعودية تدعو إسرائيل لمباحثات السلام مع الحوثيين حفظاً لماء الوجه,0
إسرائيل تهدد بقصف السماء على من فيها إذا زودت غزة بالماء مجدداً,0
طرفا الصراع في السودان يسارعان إلى إبادة أكبر عدد من المواطنين قبل عودة التغطية الإخبارية,0
إسرائيل تؤكد أن استهداف مدرسة الفاخورة جاء رداً على إصابة جنودها هناك بالملل,0
شاب يلتزم بحملة المقاطعة أثناء شرائه لوازم السهرة على مسلسل الحرب على غزّة,0
شاب يأخذ استراحة محارب من دعم غزة بعد ما اطمأن أن الأجانب ملتزمون بالتظاهر,0
نتنياهو يعلن القضاء على حركة الشفاء واستعادة المرضى,0
نتنياهو: كونه من طيزي إذا قضينا على حماس أو استعدنا أسرى، إليكم أهم ثلاثة إنجازات حققناها خلال ٤٠ يوماً من الحرب,0
إسـرائيل تؤكد أنها عثرت في مستشفيات غـزة على خلايا نائمة لعنـاصر القــسّـام,0
الشرع يوقع اتفاقاً لدمج القوات الإسرائيلية المتمركزة في جنوب سوريا ضمن مؤسسات الدولة,0
أين ذهب أصل بني أمية؟,0
انتهاء  اشتراك سوريا بالنسخة التجريبية من نظام أحمد الشرع,0
الشرع يطالب الجولاني بضبط النفس,0
الجزيرة تؤكد أن عدداً من فلول النظام مختبئين في منزل أبو حيدر متنكرين في هيئة أطفال,0
هل سيسمح الدستور السوري الجديد لغير المسلمين السنّة بقيادة سيارات الدفع الرباعي؟,0
موسى العمر يهدد بالكشف عن الملفات الموجودة على فلاشته,0
إسرائيل تقرر الانسحاب من سوريا بعد ما رأته من شدة بأس الجيش في الساحل,0
تحقيقات الحدود: خطة عربية تهدف إلى طمر إسرائيل بالبضائع,0
هل تمحو الهجرة ما تقدم من الذنب وما تأخر؟ معتقل سابق يسأل وسجّانه المتقاعد في هولندا يجيب,0
الحرس الثوري يكتشف أن الطريق إلى القدس مستحيل أن يمر من دمشق يا عمّي,0
هل يعد قصف قوات أجنبية قاعدة عسكرية أجنبية انتهاكاً للسيادة السورية؟ أنت تسأل والدفاعات الجوية تتصدى للإجابة,0
إيران تؤكد سعيها لمنع اندلاع حرب شاملة وتحث أطرافها في المنطقة على ضبط النفس,0
إطلاق النسخة الفلسطينية من برنامج المواهب لاختيار رئيس للسلطة,0
نتنياهو يحمّل غزة مسؤولية إلهام هتلر أفكار هذا الكتاب,0
إسرائيل تؤكد للمحكمة الدولية التزامها بعدم إتلاف الأدلة واستعدادها لارتكاب المزيد منها,0
إسرائيل تعلن تخريج دفعة جديدة من الجامعات عن الخدمة,0
الإمارات تنفي أن يكون تزويدها لمجموعة مرتزقة بأسماء يمنيين وتمويل تصفيتهم دليلاً على تصفيتها لهم,0
هل يعد قصف قوات أجنبية قاعدة عسكرية أجنبية انتهاكاً للسيادة السورية؟ أنت تسأل والدفاعات الجوية تتصدى للإجابة,0
إيران تؤكد سعيها لمنع اندلاع حرب شاملة وتحث أطرافها في المنطقة على ضبط النفس,0
إطلاق النسخة الفلسطينية من برنامج المواهب لاختيار رئيس للسلطة,0
إسرائيل تؤكد للمحكمة الدولية التزامها بعدم إتلاف الأدلة واستعدادها لارتكاب المزيد منها,0
إسرائيل تعلن تخريج دفعة جديدة من الجامعات عن الخدمة,0
نتنياهو يحمّل غزة مسؤولية إلهام هتلر أفكار هذا الكتاب,0
الإمارات تنفي أن يكون تزويدها لمجموعة مرتزقة بأسماء يمنيين وتمويل تصفيتهم دليلاً على تصفيتها لهم,0
الأردن يمهل منشية الغياث ٢٤ ساعة لتسليم المطلوبين وإلا سيعلن السيادة السورية عليها,0
رابطة كبار المستعمرين تبارك لإسرائيل سرقتها مستودع آثار في غزة,0
بايدن يدعو إيران إلى عدم توسيع رقعة الحرب أثناء قصف المقاتلات الأميركية اليمن والعراق وسوريا,0
انتبه: الأجسام الظاهرة في الإعلام أكبر مما تبدو عليه في الواقع,0
دليل الحدود للإعلامي السوري: ستون أو تسعون عملاً يمكنك فعله غير الشحن والتحريض,0
لماذا ابتُليَت فلسطين بمحور مقاومة كهذا؟,0
بعد إدعاءات إسرائيل بتجاوز القواعد والإجراءات، ستقدم جنوب أفريقيا أدلتها بتأخير ستة أشهر، مما يعني أن إسرائيل ستكون مطالبة بالرد بحلول يناير/كانون الثاني 2026، بدلاً من يوليو/تموز 2025.,0
كان يعمل في الجنوب وتم تعيينه في مهمة التنسيق مع الجيش الإسرائيلي • بحث عن الوثائق التي تم تسريبها بشكل نشط • من المعروف أيضًا أنه التقى بالوزير شيقلي وسلمه الوثائق • كل ما يمكن نشره • شاهد,0
في إسرائيل جرت محاولات لمنع هذا الانسحاب، لكن تم الإعلان الآن عن فشل تلك الجهود. • تضغط المؤسسة الأمنية على واشنطن لمنع ذلك. • المخاوف هو أن عدم الاستقرار في الدولة المجاورة سيضر بإسرائيل.,0
"الأردن يعلن اعتقال 16 مشتبها ، تمت مراقبتهم منذ عام 2021 • مصدر أردني لرويترز: المشتبه بهم مرتبطون بحماس • من بين الخطط: إنتاج صواريخ وطائرات مسيرة وتجنيد أردنيين للتدريب في الخارج ""أعلن الاثنين في اليمن عن انطلاق """"تيار التغيير والحرية"""" بقيادة القيادي السابق في القاعدة أبو عمر النهدي، بمدينة سيئون في حضرموت""",0
مسيرة سيارات ضخمة جابت بساتين التفاح والكرز  المستهدفة لإقامة المشروع .مؤكدة رفض السكان القاطع لمشروع التوربينات,0
الرئيس الفرنسي ورئيس الوزراء يتحدثان عقب التوتر المحيط بالاعتراف بالدولة الفلسطينية - وتغريدة يائير نتنياهو,0
"""خبير سوري يؤكد خلال مشاركته في برنامج """"هذا المساء"""" اطلاعه على وثيقة الرد السوري على الطلبات الأمريكية """"الرد مقبول لكنه غير كاف""""""",0
الجيش الإسرائيلي يعلن اغتيال مقاتل من النخبة شارك بهجوم 7 أكتوبر  • قوات الجيش الإسرائيلي حاصرت أريحا  • تقارير تتحدث أن حماس تدرس الاقتراح الجديد لوقف إطلاق النار,0
مصادر لصحيفة وول ستريت جورنال: فصائل تخطط لعملية واسعة ضد الحوثيين على الساحل الغربي - استغلالا لضعفهم بعد القصف الأمريكي. في قلب العملية المخطط لها: إعادة احتلال ميناء الحديدة.,0
أفادت التقارير أن إدارة ترامب اقترحت نقل مخزون اليورانيوم إلى دولة ثالثة مثل روسيا. • تمت مناقشة هذه المسألة في محادثة بين ويتكوف ووزير الخارجية الإيراني في عُمان. •,0
وقت القراءة: 1} دقيقة.,0
كشف i24NEWS: إسرائيل تنجح بتأجيل الإجراء في محكمة العدل الدولية نصف عام,0
‌‏وسائل إعلام حوثية: 13 غارة أميركية على مديرية كتاف وآل سالم شرق صعدة,0
"""تقرير يمني: """"الولايات المتحدة هاجمت أكثر من 15 مرة""""""",0
مجلس الإفتاء السوري يناقش تحريم الميتة والدم ولحم الخنزير,0
مقاتلة إسرائيلية أسقطت قنبلة عن طريق الخطأ على كيبوتس جنوب البلاد، دون وقوع إصابات,0
‌‏المخابرات الأردنية: مخططات التخريب شملت مشروعاً لتصنيع طائرات مسيّرة,0
‌‏الأمم المتحدة: نشهد استخداما منهجيا للاغتصاب كسلاح حرب في السودان,0
‌‏تعذر انعقاد البرلمان الليبي لتعديل سعر الصرف لغياب المحافظ ونواب المنطقة الغربية,0
"""نشر أول: بعد التوتر حول """"الإعتراف بالدولة الفلسطينية"""": نتنياهو وماكرون يتحدثان هاتفيا""",0
رئيس الاستخبارات الروسية: نشهد حوارا مكثفا مع أميركا,0
رئيس وزراء فرنسا: عاصفة رسوم ترامب الجمركية حطمت الثقة في جميع أنحاء العالم,0
تقرير: سلاح الجو الإسرائيلي هاجم مركبة في قرية عيترون جنوب لبنان,0
وزير العدل الفرنسي: عدة سجون تعرضت أمس لهجمات,0
ولاية شمال دارفور تقرر حظر التجوال في الفاشر من السابعة مساء حتى الخامسة صباحا,0
‌‏الخارجية الجزائرية: وزير الداخلية الفرنسي يسعى لإهانة الجزائر,0
‌‏الخارجية الجزائرية: وزير الداخلية الفرنسي يتحمل المسؤولية الكاملة لمستقبل العلاقات,0
الأمم المتحدة: مليون شخص في الفاشر ومخيم زمزم يحيط بهم الخطر,0
أوبك تخفض توقعاتها لنمو الطلب العالمي على النفط في 2026 إلى 1.28 مليون ب/ي,0
المستشار الاقتصادي بالبيت الأبيض: نحرز تقدما مع الاتحاد الأوروبي في ملف الرسوم,0
‌‏بيان مصري قطري: تطلع لعقد مؤتمر دولي لإعادة إعمار غزة تستضيفه مصر,0
‌‏الرئيس اللبناني: الجيش يقوم بواجبه في البلدات التي انسحبت منها إسرائيل,0
مشاهدينا الكرام نعلمكم أن قناة i24NEWS العربية استأنفت بث برامجها الساعة الـ5 بتوقيت القدس,0
تقرير يمني: مقتل 5 وإصابة 13 في ضربات أميركية في أنحاء متفرقة من البلاد,0
"""الحوثيون يعلنون مسؤوليتهم عن إطلاق النار من اليمن: """"هاجمنا أهدافا حيوية""""""",0
""" وزير الدفاع الأمريكي: """"سنضرب إيران بقوة إذا فشلت المفاوضات""""""",0
"""تقارير: """"الولايات المتحدة هاجمت قائداً في تنظيم القاعدة في اليمن""""""",0
وزير الخارجية السوري يستعد لمسح أوروبا عن الخارطة لفّة ثانية,0
العمليّة الأمريكية في اليمن: إيران تؤكد أنها لن تقف مكتوفة الأيدي لأن قدميها تؤلمانها,0
دليل الحدود لانتقاد مجازر الساحل السوري دون أن تنـ*ـاك في واحدة منها,0
لماذا لا يشعر المتشدّد بأنه فظّ غليظ القلب ملعون أبو ثقل دمه؟,0
كيف تتحدث عن الدستور والعدالة الانتقالية والمجازر بينما الناس بالكاد تجد ما تأكله؟ أنت تبرر ولن أجيبك لأنني لست الحكومة يا بخش القلب,0
العواقب الاقتصادية لكتابةِ مقالةِ رأيٍ واحدةٍ,0
الشرع يوقع اتفاقاً لدمج القوات الإسرائيلية المتمركزة في جنوب سوريا ضمن مؤسسات الدولة,0
تحقيقات الحدود: خطة عربية تهدف إلى طمر إسرائيل بالبضائع,0
هل تمحو الهجرة ما تقدم من الذنب وما تأخر؟ معتقل سابق يسأل وسجّانه المتقاعد في هولندا يجيب,0
الحرس الثوري يكتشف أن الطريق إلى القدس مستحيل أن يمر من دمشق يا عمّي,0
هل يعد قصف قوات أجنبية قاعدة عسكرية أجنبية انتهاكاً للسيادة السورية؟ أنت تسأل والدفاعات الجوية تتصدى للإجابة,0
إيران تؤكد سعيها لمنع اندلاع حرب شاملة وتحث أطرافها في المنطقة على ضبط النفس,0
إطلاق النسخة الفلسطينية من برنامج المواهب لاختيار رئيس للسلطة,0
نتنياهو يحمّل غزة مسؤولية إلهام هتلر أفكار هذا الكتاب,0
إسرائيل تؤكد للمحكمة الدولية التزامها بعدم إتلاف الأدلة واستعدادها لارتكاب المزيد منها,0
إسرائيل تعلن تخريج دفعة جديدة من الجامعات عن الخدمة,0
الإمارات تنفي أن يكون تزويدها لمجموعة مرتزقة بأسماء يمنيين وتمويل تصفيتهم دليلاً على تصفيتها لهم,0
شاب يكتفي بقراءة كتاب تاريخ واحد بما أنّ التاريخ يُعيد نفسه,0
شاب يفر من منزل العائلة ويتقدم بطلب هجرة بعد كسره فنجاناً من الطقم الصيني,0
الحدود بزنس ريفيو: ثلاث طرق لإدارة المخاطر التي تواجه مشروعك كعاطل عن العمل,0
بيرسونال براندينغ كوتش يتحدث عن فرص ثريدز الكامنة في نقل متابعيك الخمسة نفسهم إلى مكان جديد,0
عائلة تجد نفسها في الشارع بعد تعلّم الأب كيفية استخدام موقع علي بابا,0
قصة نجاح: شاب يجني أرباح متابعته لصفحة نكت على فيسبوك في ٢٠٠٨ بأداء منشوراتها على المسرح,0
الخليفي ينصح مبابي بعدم الانتقال إلى مدريد لكثرة الإصابات هناك واحتمالية التعرض للشلل نتيجة دهسه بسيارة لاندكروزر بيضاء نوافذها سوداء ويقودها مجهولون,0
اختبارات الحدود: تعرّف على مستوى الـ IQ لديك الذي دفعك لدخول هذا الاختبار,0
فتاة تؤكد أنها نعم مع حقوق النساء لكنها ليست نكدة ومزعجة كي تدعم المطالبة بها,0
حزب البعث يقيم احتفالاً بمناسبة عثوره على إحدى شَعْرات صدام حسين وربّاط حذائه,0
أين يكون الوحي وأنا أنتظر نزوله وما الذي يفعله؟,0
الحكومة تستحدث منصب وزير الدولة لشؤونه الخاصة لتعيّن به المسؤولين السابقين,0
الحكومة تبدأ بتنفيذ مشاريع صغيرة لتمكين صغار الفسدة,0
اعتقال معارض شكّك بحرية التعبير في البلاد,0
شركة أدوية تنفق المليارات لصنع لقاح كورونا يحتوي مشتقات الجيفة والدم ولحم الخنزير نكاية بالمسلمين,0
وزارة الداخلية تستغني عن قضبان السجون بعد تركيب شاشات تعرض الريلز طوال الوقت,0
شاب يحضّر منشور نصائح للعيش في الإمارات وهو على متن الطائرة لينشره فور هبوطه في مطار دبي,0
صالة بلايستيشن وثلاثة مشاريع أخرى لن تبصر النور ونرجوك التوقف عن طرحها على أصدقائك في كل سهرة,0
أمٌ تُعدُّ أبناءها للديموقراطية بسؤالهم عمَّا يرغبون بتناوله قبل أن تطبخ الملوخية على أية حال,0
“كان بإمكان مستخدمي فيسبوك حماية معلوماتهم الشخصية لو اقتدوا بأمير الأحزان”,0
قصة نجاح: شاب يستخرج أول منديل في العلبة بحالة قابلة للاستخدام,0
ميكانيكي يؤكد لزبون أن حاسته السادسة أدق من مليون كمبيوتر وسنغيّر المحرّك وقدمك فوق رقبتك,0
شاب يهدي نفسه سماعة لوالده,0
الفراغ في داخلك… ما هي الأطعمة الأنسب لملئه؟,0
موظف موارد بشرية يحصل على عرض عمل مغر من المخابرات,0
شاب يسأم من عيش حياة الترف على إنستاغرام ويؤسّس شركته الخاصة على لينكد إن,0
الحكومة تطور مناخاً عاما يسمح لليأس بالتواجد مع الحياة، بل والازدهار أيضاً,0
مسؤول متقاعد يملأ وقت فراغه بممارسة هواية ركوب موجات المظاهرات,0
شاب يمتهن التنمية البشرية بعد رفض أي شركة توظيفه,0
بعد سنوات من العداء: حماة تتصالح مع كنّتها بعد إدراكها أنّها خلّصتها من ابنها المزعج,0
موظف يحقق حلمه بالانضمام لقطاع الفساد ويختلس مجموعة أوراق وقلم حبر جاف,0
دليل الحدود لتتعرف إلى نفسك جيداً كي تجد الطريقة الأنسب لتخبئتها,0
مؤمن ريادي يطلق تطبيقاً لتداول الأجر والثواب,0
يأجوج ومأجوج يعدلون عن الخروج بعد أن أدى البشر مهمّتهم على أكمل وجه,0
الحدود بزنس ريفيو: تأمين دخلك عند التقاعد من خلال تربية الحيوانات المنوية,0
مواطن يتمنَّى لو كان ثرياً ليستطيع التهرُّب من دفع الضرائب,0
وزير يهدد بالهجرة في حال تمّت عرقلة أي من مشاريعه الاستثمارية,0
كيف تواجه عمك وخالتك بفشل أمانيهما لك بمستقبل باهر في عيد ميلادك الخامس,0
عائلة ترسل لابنها المغترب هدية,0
مهندس يأخذ شهادته الجامعية ومشروع تخرجه ومسطرة T معه لطلب يد فتاة,0
شاب يحمي حبيبته إلكترونياً بعد نجاحه باختراق حساباتها,0
منتدى عساكم من عواده يطرد العضوة ريم الفلا لتقصيرها في استخدام الهمزات,0
فتاة تُغيِّر مجرى حياتها جذرياً بتنظيف نظارتِها,0
والد فتاة يفشل في تربيتها على مبادئه فيضيّع عليها الكثير من العقد النفسية,0
الزعيم يعود إلى الغربة بعد زيارة عمل في الوطن,0
اختبارات الحدود: أخبرنا من أنت، والشيخ مِدرار أفاضل يقول لك ما المسموح فعله بأعضائك التناسلية,0
مدير قسم شرطة يرفض الرأفة بالمواطنين كي لا يوصف بصفات إلهية مثل الغفور والرحيم,0
بدلة رسمية تُجبر صاحبها على ترك بقشيش في المطعم,0
شاب يشفق على النباتيين لأن طعامهم محدود ولا يمكنهم الاختيار بين شاورما الدجاج العادي أو الإكسترا أو الدبل مثله,0
الحكومة تبتلي المواطنين بشيء من الخوف والجوع ونقص من الأموال لاختبار قوة إيمانهم بها,0
مهاجر يعود إلى وطنه بعد اكتشافه أنَّ عليه العمل ليعيش في الغربة,0
قائدنا الاستثنائي يتمكَّن من تسيير أمور البلاد دون الحاجة للتواجد فيها,0
شاب يشك بمعتقداته بعد أن شتمه مستخدم عشوائي في التعليقات,0
ما هو عدد اللفات المسموح بها على البوفيه المفتوح قبل أن يعرف الناس حقيقتك، أنك خنزير؟,0
شاب يؤسّس شركته الخاصة بعد قراءته سيرته الذاتية وانبهاره بمهاراته,0
دار نشر تهدي قارئاً كافة إصداراتها تقديرًا لشرائه أحد كتبها رغم قدرته على تحميله مجانًا,0
متلازمة الشعور بالفخر في هذا الوطن: الأسباب والعلاج,0
صراف آلي يحجز على يد عميل حاول سحب مبلغ قبل تسديد قسط البطاقة الائتمانية,0
مسؤول يُحال إلى التقاعد قبل وفاته لدخوله في حالة موت سريري,0
رجل يؤكد أنَّ كبت المشاعر يساهم في بناء طبقات أسمك من العضلات,0
دراسة تكشف العلاقة بين ازدياد رغبتك بدخول الحمام واقتراب موعد اجتماعك في العمل,0
اختبارات الحدود: أخبرنا من أنت وسنساعدك على الاختيار بين مشاهدة أوبنهايمر أو باربي,0
قرد يصاب بالقلق بعد سماعه إشاعات عن إمكانية تطوّره لإنسان,0
شركة تشترط الإبلاغ عن حالات الوفاة قبل شهر من حدوثها للسماح للموظف بالغياب,0
محل شاورما يخصص وعاء زيت لتغميس الأكياس فيه قبل تسليمها للزبائن,0
من البهيم الذي سمى إجازة الأمومة إجازة؟ أم تجد وقتاً لتسأل بعد العمل ١٨ ساعة مع مولودها والحدود تجيب,0
دليل الحدود: كيف تستمر بالحياة في الأوقات المادية الصعبة,0
ورثة يتبرعون بتركة والدهم للأوقاف لتجنّب المرمطة بالمحاكم,0
ولي عهد يطالب والده بترك شيء له ليسرقه في المستقبل,0
شاب يلتهم 5 قطع شاورما إضافية بسرعة قبل وصول رسائل الشبع إلى دماغه,0
دراسة تؤكد أن غباءك و تنبلتك وفوضويتك ونكدك وفشلك مؤشر على عبقريتك,0
شاب يقود عكس السير لثقته بأن الجميع سيعرفون أنه بهيم ويفتحون له الطريق,0
الحكومة تأخذ مواطنين لغرفة معتمة لتريهم ساعتها التي تضيء,0
طالب جامعي يتمكّن من تأجيل التعامل مع مشكلة البطالة للعقد الثاني على التوالي,0
بائع يرفض النقاش حول جودة بطانياته، فهي برتقالية وتحمل رسمة جلد النمر,0
فتاة تعود إلى بيتها متأخرة أمام جميع الجيران لتفوتها فرصة الزواج من حمودة ابن أم حمودة,0
واتساب تضيف خاصية إلغاء العلاقات تلقائياً بعد استقبال رسالة صوتية مطوّلة,0
بائع ملابس يؤكد لزبون أنه سبحان الله جسده يناسب كل قطعة في المحل,0
أن تصبح سعيداً و٥ طرق أخرى لتحقيق السعادة,0
موظف حكومي يطالب بتحديث الحواسيب في الدائرة، خصوصاً كرت الشاشة، أهم شيء كرت الشاشة,0
ضابط يذكر المواطنين بهيبة الدولة عن طريق تجاوز الطابور في المخبز,0
موظفون يعقدون اجتماعاً طارئاً للتباحث في مستجدات الوجبة التي طلبوها منذ ساعة,0
القائد يشدد على أهمية منح المواطنين حريتهم بتقبيل حذائه الأيمن أو الأيسر,0
صفحة تجارة إلكترونية تكتب الأسعار على ورقة وتضعها في زجاجة وترميها على جزيرة نائية,0
عاطل عن العمل يقرر التقاعد ليتيح الفرصة للشباب,0
مؤسسة مانحة تقدم تمويلاً ضخماً لدعم المشاريع التي تروّج لحريّة تعبير المانحين عن آرائهم,0
الحكومة تتحسر على عدم وجود رياديين مثل بيل غيتس ومارك زوكربيرغ عندها لتفرض عليهم ضرائب مثل العالم والناس,0
مستشفى حكومي يؤخر مواعيد المراجعة إلى حين استفحال المرض وانعدام الحاجة لكثير من الفحوصات لالتقاطه,0
شاب يحصل على شهادة في علم الاجتماع ليتفرغ لمشاهدة مسلسلاته المفضلة,0
شاب يحمد الله أنه ليس في سوريا قبل أن يتذكر أنه في العراق,0
دراسة: الطبيب يُثرثر أكثر من الحلاّق ولكن لا أحد ينتبه إليه,0
الحكومة تؤكد استحالة إزالة البيروقراطيّة نظراً لتعقيد إجراءات القيام بذلك,0
إحباط محاولة تسلّل شاب من مصيره وإعادته إلى صفوف الطبقة الوسطى,0
أربع طرق لتملَّ فيها بعدما مللت من الطرق القديمة,0
مغترب يعقد مؤتمراً صحفياً فور وصوله إلى أرض الوطن للإجابة على أسئلة أقاربه,0
الحكومة توقف التعذيب بالصعق ضمن جهودها لتوفير الكهرباء,0
السلطات تلقي القبض على مدير مكافحة الفساد بتهمة تعكير الصفو العام,0
دراسة تثبت أنَّ القناعة لا كنز ولا خرا,0
الحكومة ترفض تبنّي مبادئ رجعيّة عمرها آلاف السنين مثل الديمقراطيّة والحريّة,0
أم تؤكد أنها ليست مدرسة بل حديقة حيوانات,0
شاب يطالب بإعدام امرأة أقدمت على الإجهاض وكادت أن تزهق حياة,0
الحكومة تلقي القبض على موالٍ لها من باب التغيير,0
ما المدة الزمنية المناسبة لتحفظ ماء وجهك وكرامتك حين ترضى لوحدك بعد الزعل؟,0
الحكومة تؤكّد أنها لا تقدم على أيٍّ من تخبطاتها وأخطائها إلا بعد دراستها بشكل دقيق,0
دليل الحدود لإقناع الأطفال بين ١٨-٦٨ باستخدام فرشاة الأسنان لأول مرة,0
فقير يتبرّع لمتطوِّعي جمعية خيرية بالتقاط صور معهم,0
فتاة تٌنهي آخر جلسة ليزر وتتمكّن أخيراً من ارتداء الشورت,0
أب منفتح يضرب ابنه حتى يعلمه أن الرجال يمكنهم البكاء أيضاً,0
ماذا على السفراء أن يفعلوا برسائل الاحتجاج التي يتسلّمونها من الدول؟ السفراء يسألون والحدود تجيب,0
القضاء العراقي يصل إلى السلام الذاتي بتوقفّه عن إطلاق الأحكام على الآخرين,0
شاب يتقلب أمام المروحة ليُشوى جيداً من جميع الجهات,0
المخابرات تنجح بتغيير رأي شاب كان يعتقد أنه لا يخاف إلا من الله,0
مدير يتبرع بدفع إيجار المكتب عن الموظفين رغم أنهم ينامون فيه لإنهاء أعمالهم,0
من هو الشعب المتخلف الذي تصفه كل الشعوب بأنه متخلف؟ الحدود تسأل وأنت لا تجيب لأنه يلعن *** هكذا شعب متخلف لا يعرف إجابة السؤال,0
الحكومة تؤكِّد دعمها وتشجيعها التام للأقليَّات في حقّهم بالهجرة,0
الحكومة تدعم تطوير ونشر نظارات الواقع الافتراضي ليتمكن المواطنون من معايشة ظروف أفضل,0
بعوضة تموت جوعاً بعدما علقت داخل مجلس النواب,0
كيف تحدد الوقت المناسب لحلاقة شعرك بأكمله والتصالح مع حقيقة أنك أصلع,0
مواطن يطالب راتبه أن يكبر ويصبح رجلاً ويتوقّف عن التصرّف وكأنه مجرد فكّة,0
إطلاق منصة تواصل اجتماعي جديدة تلبي حاجة الناس للصياح,0
صحفي يخرج عن المألوف وينشر مقالاً عن الذكاء الاصطناعي بمقدمة نسخها من الذكاء الاصطناعي,0
أم تقلّد صوت الصاروخ وهي تطعم ابنها كي تهيّئه لمستقبله في المنطقة,0
شاب يتعمّد إضاعة هويته الشخصية ليتمكن من إصدار هوية بصورة أقل إثارة للحرج,0
آبل تبتكر مصنعاً ينتقل بالألياف الضوئية بين الدول التي يفرض عليها عقوبات أميركية,0
زوج خالتك يؤكد أنَّ هذا الموضوع اللي فتحته أياً كان هو بالتأكيد مؤامرة لنشر المثلية,0
قصة نجاح: عائلة تعيد تعريف عمالة الأطفال بطريقة كوول,0
"""غوغل تطلق نسخة من """"كروم"""" تستهلك كل الرام دون الحاجة لفتح تابات إضافية""",0
الحدود تنفرد بنشر أهم أحداث الأسبوع الماضي أثناء انهماك الفريق بتناول المعمول,0
ناشط يحصل على تمويلٍ أجنبي لمشروع التوعية من مخاطر التمويل الخارجي,0
الحكومة تعلن خلوَّ الدولة من انتهاكات حقوق الإنسان لعدم وجود حقوق بالأساس,0
أسئلة ابنك الكثيرة أغبى من أن تكون علامات نباهة,0
متحرش يستنكر رفض منظمة نسوية عضويته فيها رغم امتلاكه خبرة طويلة في مجال النساء,0
شركة تتوقف عن خصم أجور الموظفين المتأخرين بعد وضعهم تحت الإقامة الجبرية في مقرها,0
مالك يؤجر سلالم عمارته استديوهات مفروشة,0
بيل غيتس يتبرّع بأربع مليارات وستمائة مليون كفّارة عن خطيئة الانترنت إكسبلورر,0
هيئة علماء المسلمين تقرّ أن الوازرة تزر وزر الأخرى ونصف,0
تاجر يطالب بتخفيض إيجار محله لأنه يعرض معظم بضاعته على الرصيف,0
وزارة التربية والتعليم تدشن مشروع تحويل الأم إلى مدرسة,0
مواطن يغير رأيه بعد اعتقال ومقتل معظم أصدقائه ويقرر أنه نعم يحب القائد,0
لبناني يزور السعودية لمشاهدة فيلم باربي,0
انخفاض ملحوظ على سعر المعارض في السوق الحكومية نتيجة ارتفاع العرض,0
فريلانسر يقتني كرسي مكتب يتسع لكمّ أكبر من الثياب ليرتاح أكثر أثناء عمله من الفراش,0
موظف يستغل استراحة الغداء ليستمتع بالطبيعية الخلابة أمامه,0
كراهية العيد و٣ طرق أخرى لإقناع نفسك أنك كوول,0
دراسة رسمية: النجوم والكواكب هي فقط من تؤثر على سعادة المواطنين,0
الحكومة تقرر دعم الفازلين لتخفيف حدّة إجراءاتها على الشعب,0
دراسة تثبت أنّ دورتك الشهرية متأخرة لأنك متوترة بسبب تأخر الدورة عليكِ,0
اختفاء جميع مشاكل البلاد بعد منع نشر الأخبار بخصوصها,0
رجل أعمال يستغني عن أمواله ويستثمرها في مشروع في ربوع الوطن,0
أب يعالج ضعف الإضاءة في غرفة الجلوس بتركيب كشافات,0
وزارة الاسكان توزع كتيبات أدعية تضمن حصول كل مواطن لا يمتلك منزلاً على واحد في الجنة,0
كيف تكتب خطاب كراهية ناجح وجذاب وعصري؟,0
شاب يتقن المالتي تاسكينج بنجاحه في التفكير وشرب الشاي في آن واحد,0
بين كينونة النهد وصيرورة الشبق: مستقبل الرداءة الشعرية كمكوّن أصيل في الثقافة العربية,0
مسؤول يدوس سقف الحريات ويحطّمه بالخطأ أثناء مشيه,0
طفل لديه رأي,0
إنفلونسر يصبح أكثر حكمةً بعد إضافة كلامه مكتوباً أسفل فيديوهاته,0
دليل الحدود لإجبار العطسة على الخروج,0
مدير شركة يذهب لمكتبه بالليموزين بدل الهليكوبتر تعاطفاً مع موظفيه لدى تأخّر الرواتب,0
الحكومة تسبق الزمن وتنجز مشروعاً بعد سبع سنوات فقط من الموعد المقرّر,0
هل أصبح التواصل الاجتماعي من الكماليات؟ أنت تسأل لكن لم يرَ أحد سؤالك لأنك لا تملك مالاً لدفع ثمن العلامة الزرقاء,0
مطعم متحضر يُزيل الشطافة من حماماته,0
موجة حرّ تقرر أنه نعم هذه هي المنطقة المناسبة تماماً للاستقرار فوقها ولعن سماها,0
مطبّل للزعيم يرفض لعق حذائه حتى لا يوسِّخه بلعابه,0
الحكومة تضيف مستوى أسفل هرم ماسلو يمثِّل الاحتياجات أقل من الأساسية التي ستعجز أيضاً عن تأمينها,0
شاب يفكر خارج الصندوق يجد نفسه داخل الصندوق,0
صاحب بقّالة يُكمل سداد ما تبقّى من إيجار محلّه بألف ومئة حبّة علكة,0
هل أريد الإنجاب؟ أنتِ تسألين والجميع، فرداً فرداً، صغاراً وكباراً، يتبرعون للإجابة,0
رأس فتاة يقرر أن يحكها فور انتهائها من وضع طلاء الأظافر,0
دليل الحدود للآباء والأمهات لمعرفة إذا ما كان حمّودة عضّ ليلى أولاً أم هي من بادرت بوضع إصبعها في عينه,0
على ماذا سيفاخر بنا الرسول بين الأمم؟ الحدود تسأل نفسها والحدود تجيب,0
فتاة تشتري صندوقاً خشبياً آخر كي لا تعرف ماذا تضع فيه أيضاً,0
شاب يشتري نظارة شمسية لحماية الأغراض في حقيبته من أشعة الشمس,0
إضافة اللون والرائحة إلى خصائص المياه في المناهج الدراسية,0
شاب يرمي أنبوبة معجون أسنان رغم امتلائها بمعجون يكفي لتنظيف بضعة من أسنانه,0
محلل سياسي مُتعمق يغفل عن قراءة خبر لانهماكه بتحليل ما بين السطور,0
آبل تعرض عليك شراء مساحة آي كلاود لاعتقادها أنك ثري ولم تشتر الهاتف بالأقساط,0
دليل الحدود: خمسة أسباب قد تدفع بالمسؤول العربي لترك منصبه,0
الجيش المصري يدرج الالتزام بكامب ديفيد في يمين الولاء العسكري,0
مسنّ يستعيد قوة السمع إثر تهامس أفراد من العائلة بشؤونهم الخاصة,0
"""ما الذي يعنيه """"نيمار يثير الجدل""""؟ نيمار يسأل وصحيفة تنشر خبراً بعنوان """"نيمار يطرح سؤالاً يثير الجدل""""""",0
دليل الحدود: كيف تتصالح مع الدابّة في داخلك,0
إعمل بجدّ تحقّق أحلامك، وأربع نكاتٍ أخرى يمكن أن ترويها لأصدقائك وتضحككم جميعاً,0
الحكومة تفرض ضريبة ٢٢٪ على الرزقة التي تأتي مع كل المواليد الجدد,0
طبيب بيطري يُثبت أنّه لا يقل شأناً عن الأطباء البشريين وبإمكانه الاتجار بالأرواح,0
مواطن يعجز عن القيام بوظيفته لعدم اطلاعه على توجيهات القائد لليوم,0
شاب طموح يتمكّن من تحقيق جميع أحلامه تماماً كأبيه الوزير,0
مستثمر يستجيب لدعوات الحكومة بإنشاء مشاريع وطنية ويفتتح مكتب هجرة,0
لماذا لا تحل المشاكل نفسها بنفسها؟ الحكومة تسأل والحدود تضطر أن تجيب بالنيابة عنها لأن الحكومة لن تفعل ذلك,0
هيئة علماء المسلمين تقر دعاء عدم انقطاع المياه عند دخول الحمام,0
شاب يدخل عالم الأعمال بتوقّفه عن حضور الاجتماعات وذهابه إلى الميتينجز,0
هل تعاني من مشاكل في التواصل مع الشريك؟ إليك ثلاث نصائح للتواصل مع غيره,0
شاب ينفق ثمن شاحن على أشرطة لاصقة يصلح بها شاحنه ليوفّر على نفسه شراء شاحن جديد,0
الحكومة تطالب المواطنين بعدم إصدار أي صوت لأن الأب القائد نائم,0
موظّف حكوميّ يضطرّ للنوم باكراً كونه لم يحصل على قسطٍ كافٍ من النوم خلال الدوام,0
ما هي السرعة المطلوبة لتتمكن من ملاحقة أحلامك؟,0
ظاهرة اقتحام الفتيات لحمامات الشباب.. إلى متى؟,0
طفل ظريف يرطب أذُنك بسِرّ,0
دليل الحدود للعثور على نظاراتك رغم أنك لا ترى بدونها,0
أي التحالفات الدولية تشبه علاقتك العاطفية؟,0
نزار قباني يكتب للحدود: ثوري، أحبك أن تثوري لأن ذلك يستثيرني,0
دليل الحدود: كيف تحب وطنك حتّى لو لم توفّر لك الدولة أبسط الحقوق؟,0
دليل الحدود لإجبار العطسة على الخروج,0
ماذا على السفراء أن يفعلوا برسائل الاحتجاج التي يتسلّمونها من الدول؟ السفراء يسألون والحدود تجيب,0
شركة تشترط الإبلاغ عن حالات الوفاة قبل شهر من حدوثها للسماح للموظف بالغياب,0
فصام إعلامي: الوطن القطرية تنفذ الأوامر الصحفية المستجدة بخصوص الحديث عن مصر بأمانة وإخلاص,0
"""فصام إعلامي: اليوم السابع تحتفي بعمق العلاقات والشراكات بين مصر و""""الدويلة الخليجية القزمة مستنقع الخيانة"""" الشقيقة""",0
-٣٠ من١٠: حين يشتكي لكَ الرجال مرة أخرى طبطب عليهم بهدوء. لا حاجة لنشر مقال عن الموضوع,0
الإمارات تخطط لاستخدام محادثات المناخ من أجل عقد صفقات نفطية,0
الكرم الحكومي مع كبار السن.. «1000 ليرة» إعاشة لنازحي الجولان … عضو مجلس شعب: الحكومة قدمت منحة 18 ملياراً للاتحاد الرياضي ليحقق الإخفاق تلو الآخر.. و180 مليوناً إعانة للنازحين فقط!,0
من سيفوز بالإنتخابات المصرية؟ مواطن يسأل والسيسي يجيب أجله,0
الجيش الإسرائيلي ينفذ عملية نوعية لسحب جثتي جنديين قتلا في عملية نوعية لسحب جثتين من الأسرى,0
مسؤول يحذّر من تسبب المقاطعة بدعم الحكومات للاقتصاد الوطني,0
إسرائيل تستنكر مقاطعة منتجاتها الزراعية رغم إنتاجها في أراضٍ فلسطينية بالأساس,0
نتنياهو يشيد باعتماد جنود الاحتياط على أنفسهم في تغطية مصاريفهم من خلال تعفيش غزة,0
أميركا تهدد إسرائيل بسحب الضوء الأخضر منها إذا لم تتوقف عن قتل المدنيين ومنحها كشّاف ليد,0
"""بدعم سخي من الجهات المانحة: مؤسسة """"دولة إسرائيل"""" تطلق مبادرة تمكين المرأة في مجال الإبادة""",0
دهس عدد من المواطنين أثناء سباق الانتخابات المصرية,0
إسرائيل تصادر مباني مدمرة وجثثاً من غزة لعرضها في آيدكس ٢٠٢٥,0
تعبيراً عن تقديرها لزبائن أمازون: إسرائيل ترسل مناديل استعملها بن غفير مع كل طلبية,0
السيسي يطعن نتيجة الانتخابات,0
خاص وحصري: الحدود تنفرد بنشر ثلاثة سيناريوهات إسرائيلية بنت كلب للقضاء على حماس,0
بعد سرقة الأرض والموسيقى والحمّص والمثلث الأحمر والمسافة صفر: جديد إسرائيل أبو هُغَيْرَة,0
الحوثي: تَعِز محاصرة غزّة علينا,0
من سيفوز بالإنتخابات المصرية؟ مواطن يسأل والسيسي يجيب أجله,0
الجيش الإسرائيلي ينفذ عملية نوعية لسحب جثتي جنديين قتلا في عملية نوعية لسحب جثتين من الأسرى,0
مسؤول يحذّر من تسبب المقاطعة بدعم الحكومات للاقتصاد الوطني,0
نتنياهو يشيد باعتماد جنود الاحتياط على أنفسهم في تغطية مصاريفهم من خلال تعفيش غزة,0
إسرائيل تستنكر مقاطعة منتجاتها الزراعية رغم إنتاجها في أراضٍ فلسطينية بالأساس,0
دهس عدد من المواطنين أثناء سباق الانتخابات المصرية,0
أهالي القدس يعكرون صفو مرتزقة جاؤوا من حول العالم للاحتفال بملكيتهم للمدينة,0
تيتي تيتي,0
قرارات ترامب,0
الدفاع عن القدس,0
نتنياهو يحتفل بإعلان القدس عاصمة لإسرائيل,0
الحوثي يقترح مرور اوتوستراد “الضاحية الجنوبية – القدس” من صنعاء,0
انتخابات مجالس المحافظات العراقية: آمال بتغييرات جذرية في حياة الفائزين,0
نتنياهو: الحمساويون المجانين يرفضون هدنة مؤقتة لتسليم الأسرى نعود بعدها لقتالهم حتى اجتثاثهم تمامًا,0
ذئب منفرد يكوّن رأياً دون اكتراث لخصوصية الرأي العام,0
كيف نتخلص من فوبيا الكوفية؟ مؤسسة ألمانية مانحة تسأل والحدود تجيب والمؤسسة تلغي منحها لكافة مشاريع المنطقة,0
إدانات حقوقية لتمييز إسرائيل في الأجور ضد سكان غزة بمنحهم جوائز متواضعة مقابل التبليغ عن قيادات حماس,0
بعد ٧٠ يوماً من الحرب: الجهود الإسرائيلية تثمر باكتشاف نفق سري أربعة طوابق مشمس ذي إطلالة خلابة على دولتين,0
خاص وحصري: الحدود تنفرد بنشر ثلاثة سيناريوهات إسرائيلية بنت كلب للقضاء على حماس,0
بعد سرقة الأرض والموسيقى والحمّص والمثلث الأحمر والمسافة صفر: جديد إسرائيل أبو هُغَيْرَة,0
السيسي يطعن نتيجة الانتخابات,0
الحوثي: تَعِز محاصرة غزّة علينا,0
نتنياهو عن اتفاق المصالحة: كـ* أخت الصين,0
قصة كفاح: هكذا حضرنا اجتماع العقبة وأكلنا الضيافة والتقطنا صوراً رغماً عن أنف إسرائيل,0
تعرّف على أهم نتائج ومخرجات اجتماع العقبة السياحي-الأمني,0
جهود دبلوماسية عربية جبارة تنجح في عدم إدراج إنهاء الوجود الفلسطيني في البيان الختامي لاجتماع العقبة,0
نتنياهو لبن غفير: لا تسقط غصن الزيتون من يدي,0
"""الاتحاد الأوروبي يدعو إسرائيل إلى عدم اللجوء إلى استخدام القوة المميتة إلّا """"كملاذ أخير""""""",0
الإمارات تدين عملية القدس,0
مخيم جنين: السلطة الفلسطينية تعلن تعليق التنسيق الأمني مع إسرائيل,0
نتنياهو يحذر من الانجرار وراء فيديوهات مفبركة تهدف لشق وحدة الصف الإسرائيلي,0
الحكومة الأردنية تدعو المواطنين إلى إضراب عن العمل تضامناً مع المنتخب الوطني,0
رداً على جرائم الاحتلال: دول عربية تنسحب من معاهدة منع انتشار أشد عبارات الإدانة,0
بايدن يدعو حاكم تكساس للتعقل وفتح معبر رفح,0
الدالاي لاما يزور قائد الجيش اللبناني للاستفادة من خبرته في التأمل,0
محور بني أمية: طريق القدس يمر من جبلة بالقرب من مقام قرفيص,0
وسيطة شي إن تنضم للعملية الأميركية ضد الحوثيين بعدما ضاقت ذرعاً من أسئلة الزبائن,0
الكينونة والزعامة: أيها الفوهرر الشرع.. لا تكرّر ذات الخطأ في الساحل,0
دراسات الحدود: الشبيحة الجدد بحاجة لفلول النظام كي يعلّموهم كيف يبنون سوريا الجديدة,0
أردوغان: تذكرت تهمة أخرى، أكرم لم يكن إمام,0
لن تصدق! ليس في غزة ولا في اليمن: الحدود تنفرد بنشر موقع إيران على الخريطة (شاهد قبل الحذف),0
ما مدى معرفة أحمد الشرع ونعيم قاسم بحجمهما الحقيقي؟,0
"""المخابرات تشكل """"كتيبة الهاها"""" الإلكترونية لسحق الأعداء""",0
مصادر الحدود: الشرع يوعز لعناصره رفع جاهزيّتهم التصويرية أثناء ارتكاب المجازر ليسهل إثباتها,0
إسرائيل تؤكد أن قيادات حماس موجودة في مكان ما,0
نتنياهو يشعر بالذنب جراء وقف مساعدات الأونروا ويدعو إلى توطين اللاجئين المتضررين,0
تحقيقات الحدود: خطة عربية تهدف إلى طمر إسرائيل بالبضائع,0
الحرس الثوري يكتشف أن الطريق إلى القدس مستحيل أن يمر من دمشق يا عمّي,0
هل تمحو الهجرة ما تقدم من الذنب وما تأخر؟ معتقل سابق يسأل وسجّانه المتقاعد في هولندا يجيب,0
بايدن يدعو حاكم تكساس للتعقل وفتح معبر رفح,0
بروفايل حزب الله العراقي,0
بايدن يدعو شروق ودكتور فوود لعدم توسيع رقعة الصراع في المنطقة,0
إسرائيل تؤكد أن قيادات حماس موجودة في مكان ما,0
نتنياهو يشعر بالذنب جراء وقف مساعدات الأونروا ويدعو إلى توطين اللاجئين المتضررين,0
تحقيقات الحدود: خطة عربية تهدف إلى طمر إسرائيل بالبضائع,0
هل تمحو الهجرة ما تقدم من الذنب وما تأخر؟ معتقل سابق يسأل وسجّانه المتقاعد في هولندا يجيب,0
الحرس الثوري يكتشف أن الطريق إلى القدس مستحيل أن يمر من دمشق يا عمّي,0
هل يعد قصف قوات أجنبية قاعدة عسكرية أجنبية انتهاكاً للسيادة السورية؟ أنت تسأل والدفاعات الجوية تتصدى للإجابة,0
إيران تؤكد سعيها لمنع اندلاع حرب شاملة وتحث أطرافها في المنطقة على ضبط النفس,0
الكينونة والزعامة: أيها الفوهرر الشرع.. لا تكرّر ذات الخطأ في الساحل,0
أردوغان: تذكرت تهمة أخرى، أكرم لم يكن إمام,0
دراسات الحدود: الشبيحة الجدد بحاجة لفلول النظام كي يعلّموهم كيف يبنون سوريا الجديدة,0
لن تصدق! ليس في غزة ولا في اليمن: الحدود تنفرد بنشر موقع إيران على الخريطة (شاهد قبل الحذف),0
"""المخابرات تشكل """"كتيبة الهاها"""" الإلكترونية لسحق الأعداء""",0
مصادر الحدود: الشرع يوعز لعناصره رفع جاهزيّتهم التصويرية أثناء ارتكاب المجازر ليسهل إثباتها,0
ما مدى معرفة أحمد الشرع ونعيم قاسم بحجمهما الحقيقي؟,0
مقال رأي لزوم ما لا يلزم,0
دراسات الحدود: ٥٤٪ من سكان المنطقة يشعرون أنهم غير مرغوب فيهم في الشرق الأوسط الجديد,0
انتبه: الأجسام الظاهرة في الإعلام أكبر مما تبدو عليه في الواقع,0
الجيش الإسرائيلي يحرر مزيدًا من الأسرى في عملية نوعية أوقف خلالها القصف وجلس بأدب,0
نتنياهو: لن نستمر في تبادل الأسرى إذا تواصل هذا المحن الرخيص,0
الدفاعات الجوية السورية تجبر الصواريخ الإسرائيلية على الهبوط اضطرارياً في مطار دمشق,0
أدلة على خنق حماس للأطفال واستئصال لوزهم أثناء نقلهم بسيارات الصليب الأحمر,0
إسرائيل تشتكي لمحكمة الجنايات الدولية بسبب تعرضها لحملة التزامات واتفاقيات دبلوماسية,0
إسرائيليون يؤكدون استعدادهم للتعايش مع أعضاء الفلسطينيين,0
نتنياهو يؤكد أن التزامه بالهدنة أصعب عليه من ما جرى في ٧ أكتوبر,0
سوريا: اعتماد أي ماهر بمنصب الرجل الثاني في أي موقع سلطة,0
لماذا يعتقد الغزيّون أن الشيعي الذي لا يطيق السني الذي لا يطيق العلوي الذي لا يطيق الدرزي الذي لا يطيق المسيحي الذي لا يطيق الكردي الذي لا يطيق العربي المشرقي الذي لا يطيق العربي المصري الذي لا يطيق العربي المغربي الذي لا يطيق الأمازيغ الذين لا يطيقونهم، أنّ عليهم أن ينصروا إخوتهم في غزة؟,0
خطة عربية-عربية لتقريب الفرات والنيل من حدود فلسطين,0
عاجل: العراق يعفي مؤثراً من الرسوم بعد تقديمه فاتورة تثبت شراءه أربعة ملايين متابع,0
شعوب المنطقة يؤكدون أن هذه الألاعيب لم تعد تنطلي عليهم للمرة الرابعة هذا العام,0
بعد تسريب خطة حرب اليمن: ترامب يأمر طاقمه باستخدام تطبيق جواكر للتواصل,0
القناة ١٤: الإسرائيليون المفرج عنهم عاجزون عن التحدث نتيجة صدمتهم مما رأوه,0
حماس تطالب إسرائيل بالهدوء قليلاً لئلا تضطر لإعادة جرد الأسرى مع كل قصف جديد,0
أردوغان: تذكرت تهمة أخرى، أكرم لم يكن إمام,0
دراسات الحدود: الشبيحة الجدد بحاجة لفلول النظام كي يعلّموهم كيف يبنون سوريا الجديدة,0
لن تصدق! ليس في غزة ولا في اليمن: الحدود تنفرد بنشر موقع إيران على الخريطة (شاهد قبل الحذف),0
"""المخابرات تشكل """"كتيبة الهاها"""" الإلكترونية لسحق الأعداء""",0
مصادر الحدود: الشرع يوعز لعناصره رفع جاهزيّتهم التصويرية أثناء ارتكاب المجازر ليسهل إثباتها,0
ما مدى معرفة أحمد الشرع ونعيم قاسم بحجمهما الحقيقي؟,0
مقال رأي لزوم ما لا يلزم,0
دراسات الحدود: مساحة الحوار في سوريا بالكاد تتسع لمستخدم فيسبوك وتشات بوت صفحة عقارات,0
"""""""شاب يطالب بتمديد رمضان ليتسنى له نشر """"تم تعبئة الكرش بنجاح""",0
العَبَط الإماراتي السّياسي: أسباب وتداعيات,0
حماس تطالب بهدنة سريعة ليتسنى لها محاكمة المتظاهرين,0
عاجل: العراق يعفي مؤثراً من الرسوم بعد تقديمه فاتورة تثبت شراءه أربعة ملايين متابع,0
بعد تسريب خطة حرب اليمن: ترامب يأمر طاقمه باستخدام تطبيق جواكر للتواصل,0
شعوب المنطقة يؤكدون أن هذه الألاعيب لم تعد تنطلي عليهم للمرة الرابعة هذا العام,0
وسيطة شي إن تنضم للعملية الأميركية ضد الحوثيين بعدما ضاقت ذرعاً من أسئلة الزبائن,0
محور بني أمية: طريق القدس يمر من جبلة بالقرب من مقام قرفيص,0
الدالاي لاما يزور قائد الجيش اللبناني للاستفادة من خبرته في التأمل,0
دراسات الحدود: ٥٤٪ من سكان المنطقة يشعرون أنهم غير مرغوب فيهم في الشرق الأوسط الجديد,0
انتبه: الأجسام الظاهرة في الإعلام أكبر مما تبدو عليه في الواقع,0
لماذا ابتُليَت فلسطين بمحور مقاومة كهذا؟,0
علمت الحدود من مصدر خاص في البيت الأبيض رفض الكشف عن اسمه أن مختار شعب الله المختار بنيامين نتنياهو، وبمجرد انتهاء الرد الإيراني على استهداف تل أبيب قنصليتها في دمشق، حملَ نفسه وتوجه  إلى واشنطن لأخذ الضوء الأخضر إما للرد على الردّ الإيراني أو اجتياح رفح حسب نتيجة رمي قطعة النقود، قبل أن يقوم بالأمرين على كل حال.,0
واضطر بيبي لاستخدام هذا الأسلوب مع بايدن بعد وقوع الأخير في حيرة، كون كِلا الخيارين يضرّان  حملته الانتخابية، ولم يعد ممكناً الاعتماد على أوراق اللعب لاتخاذ القرار بعد ما ألقيت جميعها خلال الأشهر الستة الماضية على الطاولة ومرّت من تحتها، مثلما  باءت كل محاولات بايدن لإقناع  نتنياهو بالزحلقة على الزحليقة بالفشل مع إصرار الأخير على لعب السي-سو معه وتعليقه في الهواء لساعات.,0
داخلياً، اعترض الوزيران  سموتريتش و بن غفير على عدم استشارة نتنياهو لهما قبل هذه الخطوة، مهددين بالاستقالة من الحكومة، في حال قبوله نتائج قرعة لا تأتي على ذكر حق إسرائيل بتدمير إيران وإنشاء المستوطنات في رفح وهدم القرى الفلسطينية في الضفة واعتقال  الفلسطينيين دون محاكمة وإعدامهم ميدانياً وتهجير البقية واحتلال سيناء ولبنان وسوريا والعراق والأردن.,0
حماس تطالب بهدنة سريعة ليتسنى لها محاكمة المتظاهرين,0
عاجل: العراق يعفي مؤثراً من الرسوم بعد تقديمه فاتورة تثبت شراءه أربعة ملايين متابع,0
بعد تسريب خطة حرب اليمن: ترامب يأمر طاقمه باستخدام تطبيق جواكر للتواصل,0
شعوب المنطقة يؤكدون أن هذه الألاعيب لم تعد تنطلي عليهم للمرة الرابعة هذا العام,0
وسيطة شي إن تنضم للعملية الأميركية ضد الحوثيين بعدما ضاقت ذرعاً من أسئلة الزبائن,0
محور بني أمية: طريق القدس يمر من جبلة بالقرب من مقام قرفيص,0
الدالاي لاما يزور قائد الجيش اللبناني للاستفادة من خبرته في التأمل,0
الكينونة والزعامة: أيها الفوهرر الشرع.. لا تكرّر ذات الخطأ في الساحل,0
نتنياهو يحثّ الأطراف الدولية على التوسط لعقد هدنة مع بن غفير إسرائيل تهدد السلطة بوقف التنسيق الأمني إذا اشتكت عليها مرة أخرى للأمم المتحدة,0
"""قال مسؤول في الجيش الإسرائيلي لصحيفة """"ذا صن"""" إن إسرائيل تعمل منذ أشهر لتمهيد الطريق لشن هجوم ضد المنشآت النووية.مصدر سياسي : """"وجود ترامب بالبيت الأبيض هذه هي اللحظة الأمثل للتعامل مع التهديد""""""",0
"""الخبير في شؤون الاستخبارات أكد """"أن النظام السوري قام باستعراض الدستور واختيار وزراء ولم يعالج المشاكل الحقيقية في سوريا""""""",0
ستجري بالأيام القادمة محادثة بين ممثلي الحكومة والحكومة الأمريكية بغية تقديم بيانات قد تغير القرار. في وزارة المالية، يوضحون أن الضريبة يتم فرضها على البضائع وليس الخدمات، لذا لن يطبق على قطاع الهايتك,0
"""وقال كاتس: """"إن إسرائيل لن تسمح لسوريا بأن تصبح تهديداً لبلداتها ومصالحها الأمنية"""". • قصفت إسرائيل الليلة الماضية مطار T4 الذي كان من المفترض أن يصبح قاعدة تركية للطائرات بدون طيار""",0
"""رئيس الحكومة الإسرائيلية يهاجم رئيس الشاباك رونين بار ويدافع عن مستشاره يوناتان اوريخ المعتقل بقضية """"قطر جيت""""""",0
"""رغم محاولة إسرائيل استرضاء ترامب ، لكن الرئيس الأمريكي فرض التعريفات الجمركية على عدد من الدول بينها إسرائيل، في مسعى """"لتحقيق التوازن التجاري""""""",0
كما نفذت هجمات ضد المطار العسكري في منطقة حماة عدة مرات,0
إعادة تشغيل قطاع النفط بشكل فعال يتطلب استثمارات ضخمة لإصلاح الأضرار التي لحقت بالحقول خلال سنوات الحرب,0
"""نشر نتننياهو شريط فيديو كشف فيه أن الجيش الإسرائيلي يقوم بتوسيع مناطق العمليات في قطاع غزة. • """"نحن نزيد الضغط خطوة بخطوة، حتى يسلمونا رهائننا. وكلما لم يعطوا، كلما زاد الضغط حتى يعطونا"""".""",0
أعلن رئيس الولايات المتحدة الأمريكية أن الملياردير من المتوقع أن يتقاعد من منصبه كمستشار كبير - خلال الأسابيع المقبلة - السبب؟• مع ذلك، تأتي التقارير وسط انتقادات بشأن تدخل ماسك في الشؤون الحكومية,0
"""سوريا والتطبيع مع إسرائيل.. """"الحكومة السورية تبذل جهودا لخلق قنوات اتصال غير مباشرة مع إسرائيل """"""",0
"""الجيش الإسرائيلي يؤكد استهداف """"بنية عسكرية"""" في قاعدتي حماة والتيفور السوريتين""",0
‏تقرير: تجدد الغارات الجوية الإسرائيلية على مطار حماة العسكري للمرة الخامسة,0
نتنياهو: الجيش الإسرائيلي يقوم بتجزئة قطاع غزة للعثور على الرهائن,0
تقرير: 3 غارات أميركية تستهدف مواقع حوثية في مديرية سحار في صعدة,0
الرئيس اللبناني: سنباشر باتخاذ خطوات لتطوير العلاقات مع سوريا,0
ألمانيا تعليقا على الرسوم الأميركية: الحرب التجارية تضر الجانبين,0
تقرير: ماكرون سيجتمع اليوم مع وزراء لبحث الملف النووي الإيراني,0
بريطانيا تعلن عدم تأييدها توسيع العمليات العسكرية الإسرائيلية في غزة,0
الخارجية السعودية: ندين استهداف القوات الإسرائيلية لعيادة تابعة للأونروا في جبالي,0
خاص لـ i24NEWS: ترامب سيلتقي الرئيس السوري أحمد الشرع خلال زيارته للسعودية,0
اعتقال 3 رجال أعمال في برشلونة للاشتباه في عملهم لصالح حزب الله,0
"""مصدر مطلع على تحقيق """"قطرغيت"""": اليومان المقبلان حاسمان ورواية نتنياهو تُورط المشتبه بهم""",0
المتحدثة باسم البيت الأبيض: العملية ضد الحوثيين لن تتوقف حتى نعيد حرية الملاحة إلى المنطقة,0
"""زيلينسكي: """"الولايات المتحدة بدأت تدرك أن روسيا لا تحترم وقف إطلاق النار""""""",0
إدارة ترامب تجمد تمويل جامعة برينستون بسبب تعاملها مع معاداة السامية,0
إدارة ترامب تجمد تمويل جامعة برينستون بسبب تعاملها مع معاداة السامية,0
مرشح ترامب لمنصب السفير في بريطانيا ينوي إقناع لندن إلغاء حظر الأسلحة على إسرائيل,0
تقرير: الجيش الأميركي يهاجم محافظة صعدة والحديدة في اليمن,0
"""تقرير: لجنة مراقبة وقف إطلاق النار في لبنان تعلن """"تعليق عملها""""""",0
"""مكتب رئيس الوزراء: """"سامي ترجمان (جنرال احتياط) ليس مرشحاً لرئاسة الشاباك""""""",0
"""تقرير: """"مصر عززت التواجد الأمني على حدودها دون انتهاك اتفاقية السلام مع إسرائيل""""""",0
إسرائيل تلغي جميع الرسوم الجمركية المفروضة على المنتجات الأميركية,0
الهلال الأحمر: إصابة 3 فلسطينيين في مواجهات مع المستوطنين في قرية دوما,0
العثور على جثة الجندي الأميركي الرابع المفقود في ليتوانيا,0
قطر جيت: الصحفي الذي استُجوب في القضية هو تسفيكا كلاين رئيس تحرير صحيفة جيروزالم بوست,0
"""الجيش الإسرائيلي يعلن أنه """"اغتال في صيدا المسؤول عن إطلاق الصواريخ الذي أدى إلى مقتل مجندة في شباط 2024""""""",0
"""جاءت تصريحات المحاضر الإسرائيلي خلال مشاركته في برنامج هذا المساء، حيث أكد أن """"إسرائيل ولا مرة احتلت جنوب لبنان""""""",0
في بوخارست أعربوا عن مواقف مبدئية على الإجراء•هذه هي الدولة الأولى التي تعلن عن الانسحاب من المحكمة الجنائية الدولية,0
"""جاء هذا ردا على تقارير بأن قطر """"مولت نشر رسائل من شأنها تقويض جهود مصر بالوساطة بين إسرائيل وحماس""""""",0
يأتي هذا بعد أن فرضت هذه الجزر نفسها رسوم 10% على الواردات من الولايات المتحدة,0
مقابل 700 ألف شيكل - القائد السابق للشرطة يترأس الفريق الشرطي الذي تم تشكيله للتحقيق في سلوك الشرطة في السابع من أكتوبر• مسؤولون في المنظمة انتقدوا بشدة هذه الخطوة,0
"""تم طرد الجنرال تيموثي يو، الذي يرأس أيضًا القيادة السيبرانية الأمريكية، مع نائبته ويندي نوبل  • كتبت الناشطة اليمينية المتطرفة لورا لومر في X أن سبب هذه الخطوة هو """"عدم الولاء للرئيس"""".""",0
كما أصيب شقيق الطفل الحية خلال العملية بجروح خطيرة جراء القصف,0
مجموعة من الدول العربية أدانت الهجمات الإسرائيلية في سوريا• وزارة الصحة في غزة: قتل أكثر من الف في القطاع منذ العودة الى الحرب • مجلس الأمن يجري نقاش عن غزة,0
في الوقت نفسه تم تمديد اعتقال اوريخ وفيلدشتاين حتى الغد • تم استدعاء المراسلين سليمان مسودة وشيريت أفيتان كوهين ونير دافوري للإدلاء بشهادتهم في لاهاف 443,0
"""أبلغ المصدر أن ثلاث منشآت عسكرية تعرضت للهجوم بمحافظة حمص  """"تم تدمير كل شيء الآن"""" • شن الهجوم بعد رؤية قوات كوماندوز تركية تدخل قاعدة T4، وتقارير عن نية تحويلها إلى قاعدة للطائرات بدون طيار""",0
‌‏رئيس الوزراء العراقي يؤكد أن بيع النفط بطرق غير قانونية تعد على حقوق الشعب,0
"""‌‏الرئيس الأميركي يفضل """"مفاوضات مباشرة"""" مع إيران حول برنامجها النووي""",0
الكرملين: التوقعات بعد فرض ترمب رسوما جمركية مقلقة للغاية,0
وزير خارجية أوكرانيا: فريق أوكراني سيذهب لأميركا لبحث اتفاقية المعادن,0
وزير المالية الصيني: إضافة 16 كيانا أميركيا لقائمة مراقبة الصادرات,0
تقرير: ويتكوف سيكون ضمن فريق المفاوضات المباشرة مع إيران في حال عقدها,0
"""مع تزايد عدد وسائل الإعلام المرئية والمسموعة، إضافة إلى الصحف والمجلات، وبعدما تحوّلت المواقع الإلك",0
"""تتمحور مهمتنا حول محاربة ظاهرة الأخبار الزائفة. لذلك، تحقق من صحة مصادرك، واكتشف دقة الادعاءات الشائعة، وتأكد من دقة التقارير الإخبارية.",0
"""لا مجال للخطأ أو المعلومات المغلوطة التي تنشرها في أطروحتك أو أوراقك البحثية، فلماذا ستخاطر بالاقتب.",0
"""سواء كنت تقوم بالبحث لإنجاز الفروض المدرسية، أو كتابة مقالٍ حول شأنٍ يهمّك، تأكد من معرفتك بالمصادر.",0
"""صورة لعناصر من جماعة الحوثي استهدفتهم غارة أميركية أثناء تلقيهم تعليمات لتنفيذ هجوم جديد ضد السفن ا.",0
"""مظاهرات في العاصمة السورية دمشق وهتافات تطالب برحيل الرئيس السوري، أحمد الشرع.",0
"""فيديو لوصول طائرة مساعدات إماراتية إلى السودان حديثا",0
"""لحظة انقطاع صوت مؤذن جراء قصف إسرائيلي على مسجد في قطاع غزة""",0
"""فيديو يوثق مظاهرة نُظمت في الجزائر دعمًا لقطاع غزة يوم أمس الجمعة.""",0
"""صورة تتداولها صفحات وحسابات على موقعي التواصل الاجتماعي فيسبوك وإكس حديثًا، ادعت أنها تُظهر أشخاصًا...""",0
"""فيديو تتداوله صفحات على مواقع التواصل الاجتماعي، حديثًا، ادّعى ناشروه أنه يُظهر خروج مظاهرات في الع...""",0
"""مقطع فيديو تتداوله حسابات وصفحات على مواقع التواصل الاجتماعي، حديثًا، ادّعى ناشروه أنه لطائرة إمارا...""",0
"""مقطع فيديو تتداوله صفحات وحسابات على موقعي التواصل الاجتماعي فيسبوك وإكس، ادّعت أنه يوثق لحظة انقطا...""",0
"""لا يقتصر تأثير بيئة العمل السامة على الإنجاز في مكان العمل فحسب، وإنما يؤثر كذلك على الحالة النفسية...""",0
"""الفرق بين النيزك والشهاب كبير جدًا، ولا يُعرف الجرم السماوي باسم الشهاب حتى يدخل المجال الجوي للأرض...""",0
"""توجد عشرات المفاعلات النووية في فرنسا، ويتم استخدامها عادة في أغراض توليد الكهرباء، ثم أن لدى الجمه...""",0
"""فيديو يُظهر لحظة اقتحام شبان من محافظة درعا السورية للجدار الفاصل مع إسرائيل وقتل عدد من عناصر الجي...""",0
إسرائيل تؤكد اغتيال القيادي في حماس حسن فرحات في غارة بصيدا جنوب لبنان,0
منظمة التجارة العالمية: رسوم ترمب قد تقلص تجارة البضائع حول العالم بـ1% هذا العام,0
بورصة باريس تغلق بتسجيل أكبر انخفاض منذ عامين بنسبة 3.31%,0
‌‏الخارجية السعودية: ندين الغارات الإسرائيلية التي استهدفت 5 مناطق في سوريا,0
‌‏غارتان إسرائيليتان تستهدفان اللواء 75 قرب الكسوة بريف دمشق,0
مقتل حفيد خليل الحية في عملية للجيش الإسرائيلي بحي التفاح,0
"""تقرير عربي: 21 قتيلا وعشرات الجرحى إثر هجوم على مدرسة """"دار الرقم"""" في غزة""",0
"""الجيش الإسرائيلي يؤكد استهداف """"بنية عسكرية"""" في قاعدتي حماة والتيفور السوريتين""",0
‏تقرير: تجدد الغارات الجوية الإسرائيلية على مطار حماة العسكري للمرة الخامسة,0
نتنياهو: الجيش الإسرائيلي يقوم بتجزئة قطاع غزة للعثور على الرهائن,0
تقرير: 3 غارات أميركية تستهدف مواقع حوثية في مديرية سحار في صعدة,0
الرئيس اللبناني: سنباشر باتخاذ خطوات لتطوير العلاقات مع سوريا,0
ألمانيا تعليقا على الرسوم الأميركية: الحرب التجارية تضر الجانبين,0
تقرير: ماكرون سيجتمع اليوم مع وزراء لبحث الملف النووي الإيراني,0
الصورة قديمة وليس لتجمع قبلي استهدفته غارة أميركية في اليمن حديثًا,0
فيديو قديم لمظاهرات في دمشق وليس لمطالبات شعبية برحيل أحمد الشرع,0
فيديو وصول طائرة مساعدات إماراتية إلى السودان من 2023 وليس حديثًا,0
فيديو مركب وليس لانقطاع صوت مؤذن جرّاء قصف إسرائيل مسجدًا في غزة,0
الفيديو من 2023 لمظاهرة مساندة لغزة في الجزائر وليس بعد استئناف الحرب,0
الفيديو من عملية طوفان الأقصى وليس لشبّان من درعا يقتحمون الجدار الفاصل مع إسرائيل,0
بريطانيا تعلن عدم تأييدها توسيع العمليات العسكرية الإسرائيلية في غزة,0
الخارجية السعودية: ندين استهداف القوات الإسرائيلية لعيادة تابعة للأونروا في جبالي,0
خاص لـ i24NEWS: ترامب سيلتقي الرئيس السوري أحمد الشرع خلال زيارته للسعودية,0
اعتقال 3 رجال أعمال في برشلونة للاشتباه في عملهم لصالح حزب الله,0
"""مصدر مطلع على تحقيق """"قطرغيت"""": اليومان المقبلان حاسمان ورواية نتنياهو تُورط المشتبه بهم""",0
